ASIN,Title,Authors,PurchaseDate
"B06XWVH285","100万円の女たち（１）【期間限定　無料お試し版】 (ビッグコミックス)","青野春秋","2017/4/22"
"B01MXW9Y97","1518！ イチゴーイチハチ！（１）【期間限定　無料お試し版】 (ビッグコミックス)","相田裕","2017/1/7"
"B07MYV5DTR","33歳独身女騎士隊長。 (KATTS)","天原","2019/2/18"
"B07GZKSBGX","34歳無職さん 1【期間限定 無料お試し版】 (MFコミックス　フラッパーシリーズ)","いけだたかし","2018/10/7"
"B07GWBMYFB","A子さんの恋人 1巻 (HARTA COMIX)","近藤 聡乃","2019/5/25"
"B07GVTV6HJ","A子さんの恋人 2巻 (HARTA COMIX)","近藤 聡乃","2019/6/22"
"B01BWMJEZQ","BANANA FISH（１）【期間限定　無料お試し版】 (フラワーコミックス)","吉田秋生","2016/3/10"
"B01BWMJHB2","BANANA FISH（２）【期間限定　無料お試し版】 (フラワーコミックス)","吉田秋生","2016/3/10"
"B01K4KOLOG","BLEACH モノクロ版【期間限定無料】 49 (ジャンプコミックスDIGITAL)","久保帯人","2016/8/28"
"B01K4KOLKU","BLEACH モノクロ版【期間限定無料】 50 (ジャンプコミックスDIGITAL)","久保帯人","2016/8/28"
"B01K4KOLIW","BLEACH モノクロ版【期間限定無料】 55 (ジャンプコミックスDIGITAL)","久保帯人","2016/8/28"
"B01K4KOLJQ","BLEACH モノクロ版【期間限定無料】 56 (ジャンプコミックスDIGITAL)","久保帯人","2016/8/28"
"B01E7BAT6W","CLAYMORE【期間限定無料】 1 (ジャンプコミックスDIGITAL)","八木教広","2016/5/7"
"B009DBY8YG","Cheers！ ： 1 Cheers! (アクションコミックス)","チャーリーにしなか","2016/10/8"
"B009DBY9AO","Cheers！ ： 2 Cheers! (アクションコミックス)","チャーリーにしなか","2016/10/8"
"B009DBY93Q","Cheers！ ： 3 Cheers! (アクションコミックス)","チャーリーにしなか","2016/10/8"
"B00PGOCKEO","DaccHo! (だっちょ) 1 ほのぼの育児マンガ DaccHo!（だっちょ）ほのぼの育児マンガ (impress QuickBooks)","poko","2017/1/15"
"B01B7685W0","D－LIVE！！（１）【期間限定　無料お試し版】 (少年サンデーコミックス)","皆川亮二","2016/2/23"
"B01M0CRH22","GANTZ【期間限定無料】 6 (ヤングジャンプコミックスDIGITAL)","奥浩哉","2016/10/22"
"B01M0OFLS6","GANTZ【期間限定無料】 7 (ヤングジャンプコミックスDIGITAL)","奥浩哉","2016/10/22"
"B01N5QX2UH","G戦場ヘヴンズドア 完全版（１）【期間限定　無料お試し版】 (ビッグコミックススペシャル)","日本橋ヨヲコ","2017/1/28"
"B00WW8J41E","HIKARI－MAN（１） (ビッグコミックス)","山本英夫","2019/10/19"
"B016PVJOGS","HIKARI－MAN（２） (ビッグコミックス)","山本英夫","2019/10/19"
"B07MD8452K","HIKARI－MAN（３） (ビッグコミックス)","山本英夫","2019/10/19"
"B07MNMDV3N","HIKARI－MAN（４） (ビッグコミックス)","山本英夫","2019/10/19"
"B07PY33VJT","HIKARI－MAN（５） (ビッグコミックス)","山本英夫","2019/10/19"
"B07YCL4FRL","HIKARI－MAN（６） (ビッグコミックス)","山本英夫","2019/10/19"
"B0856YNZ8G","HIKARI－MAN（７） (ビッグコミックス)","山本英夫","2020/3/23"
"B07HMX8TFW","HUNTER×HUNTER Archive Vol.1―出発の日― (ジャンプコミックスDIGITAL)","冨樫義博","2018/10/8"
"B07HN2JJ5J","HUNTER×HUNTER Archive Vol.2―ヨークシン編・序章― (ジャンプコミックスDIGITAL)","冨樫義博","2018/10/8"
"B07HN2HXMJ","HUNTER×HUNTER Archive Vol.3―グリードアイランド編・序章― (ジャンプコミックスDIGITAL)","冨樫義博","2018/10/8"
"B07HN2L3GP","HUNTER×HUNTER Archive Vol.4―キメラアント編・序章― (ジャンプコミックスDIGITAL)","冨樫義博","2018/10/8"
"B07HN8N4MX","HUNTER×HUNTER Archive Vol.5―ハンター協会選挙編・序章― (ジャンプコミックスDIGITAL)","冨樫義博","2018/10/8"
"B00KCBS4HS","HUNTER×HUNTER STARTER BOOK 2 (ジャンプコミックスDIGITAL)","冨樫義博","2016/4/9"
"B01EJ7AICY","HUNTER×HUNTER モノクロ版 33 (ジャンプコミックスDIGITAL)","冨樫義博","2016/6/3"
"B071FG5HTR","HUNTER×HUNTER モノクロ版 34 (ジャンプコミックスDIGITAL)","冨樫義博","2017/6/26"
"B078MQQJPZ","HUNTER×HUNTER モノクロ版 35 (ジャンプコミックスDIGITAL)","冨樫義博","2018/2/2"
"B07HQLKJZR","HUNTER×HUNTER モノクロ版 36 (ジャンプコミックスDIGITAL)","冨樫義博","2018/10/4"
"B07Z92Y3TH","JKハルは異世界で娼婦になった　1巻: バンチコミックス","平鳥コウ","2020/5/4"
"B085RMBH76","JKハルは異世界で娼婦になった　2巻: バンチコミックス","平鳥コウ","2020/5/4"
"B00ESXY9GG","Linux教科書 LPICレベル1 第5版","中島能和","2016/9/3"
"B06Y5N27MT","My doll house カラー版【期間限定無料】 1 (ヤングジャンプコミックスDIGITAL)","唯登詩樹","2017/4/22"
"B01MYBI6IE","OMEGA TRIBE KINGDOM（１）【期間限定　無料お試し版】 (ビッグコミックス)","玉井雪雄","2017/2/4"
"B01MYBI0G1","OMEGA TRIBE KINGDOM（２）【期間限定　無料お試し版】 (ビッグコミックス)","玉井雪雄","2017/2/4"
"B01N25LCOI","OMEGA TRIBE（１）【期間限定　無料お試し版】 (ビッグコミックス)","玉井雪雄","2017/2/4"
"B01MYBI70L","OMEGA TRIBE（２）【期間限定　無料お試し版】 (ビッグコミックス)","玉井雪雄","2017/2/4"
"B01MYBI329","OMEGA TRIBE（３）【期間限定　無料お試し版】 (ビッグコミックス)","玉井雪雄","2017/2/4"
"B00J8H1Y92","ONE PIECE STARTER BOOK 3 (ジャンプコミックスDIGITAL)","尾田栄一郎","2017/3/17"
"B00ATLLJFK","ONE PIECE カラー版 56 (ジャンプコミックスDIGITAL)","尾田栄一郎","2019/10/1"
"B00C0NDEH6","ONE PIECE カラー版 65 (ジャンプコミックスDIGITAL)","尾田栄一郎","2020/2/24"
"B00GY2GHR8","ONE PIECE カラー版 66 (ジャンプコミックスDIGITAL)","尾田栄一郎","2020/2/24"
"B00GY2GHRS","ONE PIECE カラー版 67 (ジャンプコミックスDIGITAL)","尾田栄一郎","2020/2/24"
"B00GY2GHPK","ONE PIECE カラー版 68 (ジャンプコミックスDIGITAL)","尾田栄一郎","2020/2/24"
"B00MG915UC","ONE PIECE カラー版 69 (ジャンプコミックスDIGITAL)","尾田栄一郎","2020/2/24"
"B00MG915VG","ONE PIECE カラー版 70 (ジャンプコミックスDIGITAL)","尾田栄一郎","2020/2/24"
"B01417USN6","ONE PIECE カラー版 71 (ジャンプコミックスDIGITAL)","尾田栄一郎","2020/2/24"
"B01417UTCQ","ONE PIECE カラー版 72 (ジャンプコミックスDIGITAL)","尾田栄一郎","2020/2/24"
"B07VFNVHFM","ONE PIECE カラー版 85 (ジャンプコミックスDIGITAL)","尾田栄一郎","2020/2/24"
"B07VDKVFFS","ONE PIECE カラー版 86 (ジャンプコミックスDIGITAL)","尾田栄一郎","2020/2/24"
"B01HXV67X2","ONE PIECE カラー版【期間限定無料】 56 (ジャンプコミックスDIGITAL)","尾田栄一郎","2016/7/23"
"B01HXV679G","ONE PIECE カラー版【期間限定無料】 66 (ジャンプコミックスDIGITAL)","尾田栄一郎","2016/7/23"
"B00KCC0XIU","ONE PIECE モノクロ版 73 (ジャンプコミックスDIGITAL)","尾田栄一郎","2016/8/15"
"B00MMYVPPQ","ONE PIECE モノクロ版 74 (ジャンプコミックスDIGITAL)","尾田栄一郎","2016/8/15"
"B00PU7ZALC","ONE PIECE モノクロ版 75 (ジャンプコミックスDIGITAL)","尾田栄一郎","2016/8/15"
"B00SFK8TU0","ONE PIECE モノクロ版 76 (ジャンプコミックスDIGITAL)","尾田栄一郎","2016/8/15"
"B00W9NRS7Y","ONE PIECE モノクロ版 77 (ジャンプコミックスDIGITAL)","尾田栄一郎","2016/8/15"
"B011VS2K1G","ONE PIECE モノクロ版 78 (ジャンプコミックスDIGITAL)","尾田栄一郎","2016/8/15"
"B0156098D8","ONE PIECE モノクロ版 79 (ジャンプコミックスDIGITAL)","尾田栄一郎","2016/8/15"
"B018TPYY90","ONE PIECE モノクロ版 80 (ジャンプコミックスDIGITAL)","尾田栄一郎","2016/8/15"
"B01C842486","ONE PIECE モノクロ版 81 (ジャンプコミックスDIGITAL)","尾田栄一郎","2016/8/15"
"B01G1DV2YC","ONE PIECE モノクロ版 82 (ジャンプコミックスDIGITAL)","尾田栄一郎","2016/8/15"
"B01M073E5W","ONE PIECE モノクロ版 83 (ジャンプコミックスDIGITAL)","尾田栄一郎","2016/12/9"
"B01N6IG5MU","ONE PIECE モノクロ版 84 (ジャンプコミックスDIGITAL)","尾田栄一郎","2017/3/3"
"B075SVHF1D","ONE PIECE モノクロ版 87 (ジャンプコミックスDIGITAL)","尾田栄一郎","2020/2/24"
"B0792S3TTR","ONE PIECE モノクロ版 88 (ジャンプコミックスDIGITAL)","尾田栄一郎","2020/2/25"
"B07C89D35N","ONE PIECE モノクロ版 89 (ジャンプコミックスDIGITAL)","尾田栄一郎","2020/2/25"
"B07FQ82PHX","ONE PIECE モノクロ版 90 (ジャンプコミックスDIGITAL)","尾田栄一郎","2020/2/25"
"B07JLXDC7Y","ONE PIECE モノクロ版 91 (ジャンプコミックスDIGITAL)","尾田栄一郎","2019/12/29"
"B07MWZL48T","ONE PIECE モノクロ版 92 (ジャンプコミックスDIGITAL)","尾田栄一郎","2019/12/29"
"B07S5YLHPH","ONE PIECE モノクロ版 93 (ジャンプコミックスDIGITAL)","尾田栄一郎","2019/12/28"
"B07WPRSR2V","ONE PIECE モノクロ版 94 (ジャンプコミックスDIGITAL)","尾田栄一郎","2019/12/28"
"B082168VZX","ONE PIECE モノクロ版 95 (ジャンプコミックスDIGITAL)","尾田栄一郎","2020/2/9"
"B0855JQ2BC","ONE PIECE モノクロ版 96 (ジャンプコミックスDIGITAL)","尾田栄一郎","2020/5/5"
"B06X3TVSLG","REC（２）【期間限定　無料お試し版】 (サンデーGXコミックス)","花見沢Ｑ太郎","2017/2/25"
"B084M9SGHV","SEKIRO 外伝 死なず半兵衛 (電撃コミックスNEXT)","山本 晋","2020/3/23"
"B01BWMJES8","Sunny（１）【期間限定　無料お試し版】 (IKKI　COMIX)","松本大洋","2016/3/10"
"B07T4YWPGJ","S字をたどる僕らの交際","脊髄引き抜きの刑","2019/7/1"
"B01E27OURU","「わかりやすい」文章を書く全技術100","大久保進","2017/8/22"
"B00QG1D108","『刻刻』番外編―300日後― (モーニングコミックス)","堀尾省太","2016/4/16"
"B06Y1MYJKM","【無料お試し版】MATSUMOTO (G-NOVELS)","LF・ボレ","2017/4/8"
"B01BY2A7PA","【無料ガイド小冊子】まんしゅう家の憂鬱（インタビュー付） (集英社文芸単行本)","まんしゅうきつこ","2017/1/9"
"B01N9V9U03","いいよね！米澤先生【期間限定無料】 1 (ジャンプコミックスDIGITAL)","地獄のミサワ","2017/2/3"
"B078K87JWQ","いたいお姉さんは好きですか？(1) (ヤングキングコミックス)","若菜","2019/6/23"
"B07KC6923Z","いたいお姉さんは好きですか？(2) (ヤングキングコミックス)","若菜","2019/6/23"
"B06WRN1Q7C","いちまつ捕物帳（１）【期間限定　無料お試し版】 (ビッグコミックス)","細野不二彦","2017/2/25"
"B06XC2ZRMP","いぬまるだしっ【期間限定無料】 1 (ジャンプコミックスDIGITAL)","大石浩二","2017/3/25"
"B06XBW2TNB","いぬまるだしっ【期間限定無料】 2 (ジャンプコミックスDIGITAL)","大石浩二","2017/3/25"
"B00KCL6Y2U","いぬやしき（１） (イブニングコミックス)","奥浩哉","2016/10/1"
"B07HNVYYNW","うしおととら（２）【期間限定　無料お試し版】 (少年サンデーコミックス)","藤田和日郎","2018/10/15"
"B07HNQK8FJ","うしおととら（３）【期間限定　無料お試し版】 (少年サンデーコミックス)","藤田和日郎","2018/10/15"
"B01E4Y3P18","うちのクラスの女子がヤバい（１） (少年マガジンエッジコミックス)","衿沢世衣子","2017/7/27"
"B00JZNDA1O","うちの妻ってどうでしょう？ ： 6 (アクションコミックス)","福満しげゆき","2016/3/23"
"B00YTMUPVO","うちの妻ってどうでしょう？ ： 7 (アクションコミックス)","福満しげゆき","2016/3/22"
"B01N2UJV0Z","うれしょん！ 1","かずみ義幸","2017/6/18"
"B073GKB81F","え～ぶいカントク（１）【期間限定　無料お試し版】 (ビッグコミックス)","森見明日","2017/7/27"
"B073GHL9D6","え～ぶいカントク（２）【期間限定　無料お試し版】 (ビッグコミックス)","森見明日","2017/7/27"
"B073GJTGJW","え～ぶいカントク（３）【期間限定　無料お試し版】 (ビッグコミックス)","森見明日","2017/7/27"
"B01N3L4QGF","おしとね天繕 カラー版【期間限定無料】 1 (ヤングジャンプコミックスDIGITAL)","山口譲司","2016/11/18"
"B00GRMLZGI","おのぼり物語 (バンブーコミックス 4コマセレクション)","カラスヤサトシ","2019/12/8"
"B00AIFYUG2","おひっこし (アフタヌーンコミックス)","沙村広明","2015/11/22"
"B00IWHT7VG","おもいでエマノン (徳間文庫)","梶尾真治","2016/11/3"
"B00GWVP5LA","おんなのいえ（１） (BE・LOVEコミックス)","鳥飼茜","2016/1/2"
"B00B2XMLQ0","お天気お姉さん（１） (ヤングマガジンコミックス)","安達哲","2020/1/25"
"B00B2XMLRO","お天気お姉さん（２） (ヤングマガジンコミックス)","安達哲","2020/1/25"
"B00B2XMLU6","お天気お姉さん（３） (ヤングマガジンコミックス)","安達哲","2020/1/25"
"B00B2XMLZG","お天気お姉さん（４） (ヤングマガジンコミックス)","安達哲","2020/1/25"
"B01CTV6J16","お尻触りたがる人なんなの (楽園コミックス)","位置原光Ｚ","2019/4/17"
"B078N6K44V","お母さん二人いてもいいかな！？","中村キヨ","2020/1/5"
"B01MYDK1X2","お酒は夫婦になってから（１）【期間限定　無料お試し版】 (ビッグコミックス)","クリスタルな洋介","2017/2/11"
"B01DVP4CNG","かくりよものがたり【期間限定無料】 1 (ジャンプコミックスDIGITAL)","藤崎竜","2016/5/5"
"B07M9MYRF6","かぐや様は告らせたい～天才たちの恋愛頭脳戦～【期間限定無料】 1 (ヤングジャンプコミックスDIGITAL)","赤坂アカ","2019/2/9"
"B00N2QXHRW","からかい上手の高木さん（１） (ゲッサン少年サンデーコミックス)","山本崇一朗","2016/1/14"
"B00SKK9FWQ","からかい上手の高木さん（２） (ゲッサン少年サンデーコミックス)","山本崇一朗","2016/1/14"
"B0196RT7V0","からかい上手の高木さん（３） (ゲッサン少年サンデーコミックス)","山本崇一朗","2016/1/14"
"B07HNSHDT7","からくりサーカス（１）【期間限定　無料お試し版】 (少年サンデーコミックス)","藤田和日郎","2018/10/7"
"B07HNKBJ6C","からくりサーカス（２）【期間限定　無料お試し版】 (少年サンデーコミックス)","藤田和日郎","2018/10/7"
"B07HNQ54G4","からくりサーカス（３）【期間限定　無料お試し版】 (少年サンデーコミックス)","藤田和日郎","2018/10/7"
"B07HNLDSBJ","からくりサーカス（４）【期間限定　無料お試し版】 (少年サンデーコミックス)","藤田和日郎","2018/10/7"
"B07HNDWHQP","からくりサーカス（５）【期間限定　無料お試し版】 (少年サンデーコミックス)","藤田和日郎","2018/10/7"
"B00JRNVKN2","がんぼ　ナニワ悪道編（１） (イブニングコミックス)","田島隆","2017/1/15"
"B01KLQIJLO","きみが心に棲みついた　プチキス　Ｌｏｖｅ　Ａｄｄｉｃｔｉｏｎ　（１） (Ｋｉｓｓコミックス)","天堂きりん","2016/8/28"
"B00E9K5CVE","きみといると ： 1 (アクションコミックス)","かがみふみを","2019/12/12"
"B013HXD9BI","くも漫。 (トーチコミックス)","中川学","2018/11/13"
"B07TJGMLQC","くノ一ツバキの胸の内（１）【期間限定　無料お試し版】 (ゲッサン少年サンデーコミックス)","山本崇一朗","2019/7/14"
"B06W51XBCR","くーねるまるた（１）【期間限定　無料お試し版】 (ビッグコミックススペシャル)","高尾じんぐ","2017/2/20"
"B06X15JKXT","くーねるまるた（２）【期間限定　無料お試し版】 (ビッグコミックススペシャル)","高尾じんぐ","2017/2/21"
"B00OZ89TNC","ぐらんぶる（１） (アフタヌーンコミックス)","井上堅二","2016/8/11"
"B00QAEZCF8","ぐらんぶる（２） (アフタヌーンコミックス)","井上堅二","2020/6/20"
"B00V9GSP56","ぐらんぶる（３） (アフタヌーンコミックス)","井上堅二","2020/6/20"
"B076HQGKKP","ここは今から倫理です。 1 (ヤングジャンプコミックスDIGITAL)","雨瀬シオリ","2018/11/13"
"B07D57JGNW","ここは今から倫理です。 2 (ヤングジャンプコミックスDIGITAL)","雨瀬シオリ","2018/11/13"
"B06XRWVR39","こちら葛飾区亀有公園前派出所【期間限定無料】 1 (ジャンプコミックスDIGITAL)","秋本治","2017/4/22"
"B06XRY6GBG","こちら葛飾区亀有公園前派出所【期間限定無料】 10 (ジャンプコミックスDIGITAL)","秋本治","2017/4/22"
"B01JIYTZ4K","こちら葛飾区亀有公園前派出所【期間限定無料】 100 (ジャンプコミックスDIGITAL)","秋本治","2016/9/15"
"B01JIYU026","こちら葛飾区亀有公園前派出所【期間限定無料】 110 (ジャンプコミックスDIGITAL)","秋本治","2016/9/15"
"B01JIYU03U","こちら葛飾区亀有公園前派出所【期間限定無料】 120 (ジャンプコミックスDIGITAL)","秋本治","2016/9/15"
"B01JIYU0WQ","こちら葛飾区亀有公園前派出所【期間限定無料】 150 (ジャンプコミックスDIGITAL)","秋本治","2016/9/21"
"B01JIYTZI6","こちら葛飾区亀有公園前派出所【期間限定無料】 170 (ジャンプコミックスDIGITAL)","秋本治","2016/9/21"
"B01JIYU01M","こちら葛飾区亀有公園前派出所【期間限定無料】 180 (ジャンプコミックスDIGITAL)","秋本治","2016/9/21"
"B01JIYU0TE","こちら葛飾区亀有公園前派出所【期間限定無料】 190 (ジャンプコミックスDIGITAL)","秋本治","2016/9/18"
"B06XRZ2JML","こちら葛飾区亀有公園前派出所【期間限定無料】 2 (ジャンプコミックスDIGITAL)","秋本治","2017/4/22"
"B06XRXW189","こちら葛飾区亀有公園前派出所【期間限定無料】 3 (ジャンプコミックスDIGITAL)","秋本治","2017/4/22"
"B06XRWZD81","こちら葛飾区亀有公園前派出所【期間限定無料】 4 (ジャンプコミックスDIGITAL)","秋本治","2017/4/22"
"B06XRWC6KX","こちら葛飾区亀有公園前派出所【期間限定無料】 5 (ジャンプコミックスDIGITAL)","秋本治","2017/4/22"
"B06XRSGKR8","こちら葛飾区亀有公園前派出所【期間限定無料】 6 (ジャンプコミックスDIGITAL)","秋本治","2017/4/22"
"B06XRWC7H5","こちら葛飾区亀有公園前派出所【期間限定無料】 7 (ジャンプコミックスDIGITAL)","秋本治","2017/4/22"
"B06XRXF6TL","こちら葛飾区亀有公園前派出所【期間限定無料】 8 (ジャンプコミックスDIGITAL)","秋本治","2017/4/22"
"B074FRVWYS","こちら葛飾区亀有公園前派出所【期間限定無料】 80 (ジャンプコミックスDIGITAL)","秋本治","2017/8/17"
"B074FZ9HSP","こちら葛飾区亀有公園前派出所【期間限定無料】 88 (ジャンプコミックスDIGITAL)","秋本治","2017/8/16"
"B06XRWC6KY","こちら葛飾区亀有公園前派出所【期間限定無料】 9 (ジャンプコミックスDIGITAL)","秋本治","2017/4/22"
"B06XHZRV2Z","ごくりっ（１）【期間限定　無料お試し版】 (ビッグコミックス)","前原タケル","2017/3/25"
"B00LEA8FZ2","さくらの唄（上） (ヤングマガジンコミックス)","安達哲","2020/1/25"
"B00LEA8G1A","さくらの唄（下） (ヤングマガジンコミックス)","安達哲","2020/1/25"
"B06XG2C53M","さすらいアフロ田中（１）【期間限定　無料お試し版】 (ビッグコミックス)","のりつけ雅春","2017/3/17"
"B06XFV2R9P","さすらいアフロ田中（２）【期間限定　無料お試し版】 (ビッグコミックス)","のりつけ雅春","2017/3/17"
"B07TJGQ5YJ","さすらいアフロ田中（３）【期間限定　無料お試し版】 (ビッグコミックス)","のりつけ雅春","2019/7/14"
"B01HI6I4I8","さびしすぎてレズ風俗に行きましたレポ","永田カビ","2016/11/14"
"B00EYZC4U6","さんりようこ特選集 ハード (ぶんか社コミックス)","さんりようこ","2016/6/11"
"B06XFVQSKM","しあわせアフロ田中（１）【期間限定　無料お試し版】 (ビッグコミックス)","のりつけ雅春","2017/3/17"
"B07TJGGGNC","しあわせアフロ田中（２）【期間限定　無料お試し版】 (ビッグコミックス)","のりつけ雅春","2019/7/14"
"B01N8OYUCY","しあわせゴハン【期間限定無料】 1 (ヤングジャンプコミックスDIGITAL)","魚乃目三太","2016/11/18"
"B00NXDK20O","しあわせ団地（１） (ヤングマガジンコミックス)","蓮古田二郎","2016/6/4"
"B00NXDK1Z0","しあわせ団地（２） (ヤングマガジンコミックス)","蓮古田二郎","2016/6/4"
"B00NXDK1ZU","しあわせ団地（３） (ヤングマガジンコミックス)","蓮古田二郎","2016/6/4"
"B00NXDK22M","しあわせ団地（４） (ヤングマガジンコミックス)","蓮古田二郎","2016/6/4"
"B00SSJDDBS","じったんの時短レシピ（１） (アフタヌーンコミックス)","岡村みのり","2016/11/19"
"B01N43LOP7","じみへん（１）【期間限定　無料お試し版】 (スピリッツじみコミックス)","中崎タツヤ","2016/12/11"
"B07HH1DZTL","じゃりン子チエ【新訂版】 ： 7 (アクションコミックス)","はるき悦巳","2020/1/8"
"B07HH2DHY6","じゃりン子チエ【新訂版】 ： 8 (アクションコミックス)","はるき悦巳","2020/1/8"
"B07HH2DHY7","じゃりン子チエ【新訂版】 ： 9 (アクションコミックス)","はるき悦巳","2020/1/8"
"B00SMPF2DA","すみれファンファーレ（１） (IKKI　COMIX)","松島直子","2016/4/27"
"B00SMPF2DK","すみれファンファーレ（２） (IKKI　COMIX)","松島直子","2016/5/25"
"B00SMPF2IK","すみれファンファーレ（３） (IKKI　COMIX)","松島直子","2016/5/25"
"B00SMPF2LC","すみれファンファーレ（４） (IKKI　COMIX)","松島直子","2016/5/26"
"B00SMPF2Q2","すみれファンファーレ（５） (IKKI　COMIX)","松島直子","2016/5/26"
"B07MX5H2P2","すんどめ!!ミルキーウェイ 6 (ヤングジャンプコミックスDIGITAL)","ふなつかずき","2019/4/17"
"B07S5JSMS7","すんどめ!!ミルキーウェイ 7 (ヤングジャンプコミックスDIGITAL)","ふなつかずき","2019/7/14"
"B07J2C8G64","すんどめ!!ミルキーウェイ セミカラー版 3 (ヤングジャンプコミックスDIGITAL)","ふなつかずき","2019/7/15"
"B07NCY6D2F","すんどめ!!ミルキーウェイ セミカラー版 4 (ヤングジャンプコミックスDIGITAL)","ふなつかずき","2019/4/17"
"B07T5S87X4","すんどめ!!ミルキーウェイ セミカラー版 5 (ヤングジャンプコミックスDIGITAL)","ふなつかずき","2019/7/14"
"B074W2Q3L8","そしてボクは外道マンになる 2 (ヤングジャンプコミックスDIGITAL)","平松伸二","2020/1/11"
"B07BK5H5BQ","そしてボクは外道マンになる 3 (ヤングジャンプコミックスDIGITAL)","平松伸二","2020/1/11"
"B00PLGP9HM","その女アレックス (文春文庫)","ピエール・ルメートル","2016/1/2"
"B00SWLN4LG","その娘、武蔵（１） (ＩＴＡＮコミックス)","田中相","2016/8/8"
"B01KNN6EDK","それでもめる子 (ワニマガジンコミックススペシャル)","縁山","2020/1/19"
"B009SNA1JA","たいようのいえ（１） (デザートコミックス)","タアモ","2016/5/6"
"B00OKC25O8","たそがれたかこ（１） (BE・LOVEコミックス)","入江喜和","2016/8/28"
"B00ORO666W","たそがれたかこ（２） (BE・LOVEコミックス)","入江喜和","2018/10/7"
"B00NXMTA2Q","ちおちゃんの通学路　1 (MFコミックス　フラッパーシリーズ)","川崎 直孝","2016/1/16"
"B00V2TEPXG","ちおちゃんの通学路　2 (MFコミックス　フラッパーシリーズ)","川崎 直孝","2016/1/16"
"B015DS7NO4","ちおちゃんの通学路　3 (MFコミックス　フラッパーシリーズ)","川崎 直孝","2016/1/16"
"B01CS03A2E","ちおちゃんの通学路　4 (MFコミックス　フラッパーシリーズ)","川崎 直孝","2016/4/16"
"B075GFX8VR","ちおちゃんの通学路　7 (MFコミックス　フラッパーシリーズ)","川崎 直孝","2017/9/23"
"B00JR0Q16Q","ちーちゃんはちょっと足りない (少年チャンピオン・コミックス・エクストラ　もっと！)","阿部共実","2016/1/31"
"B07VPDVNKW","つくりながら学ぶ！PyTorchによる発展ディープラーニング","小川 雄太郎","2019/12/24"
"B00G4YQKXM","つるつるとザラザラの間（１） (アフタヌーンコミックス)","月子","2016/7/31"
"B00QAEZTD8","でぶせん（１） (ヤングマガジンコミックス)","安童夕馬","2016/11/27"
"B00T4D5E4Q","でぶせん（２） (ヤングマガジンコミックス)","安童夕馬","2016/11/27"
"B071WKCN61","とある新人漫画家に、本当に起こったコワイ話","佐倉色","2018/12/3"
"B01MR76UEK","とっても！ラッキーマン【期間限定無料】 1 (ジャンプコミックスDIGITAL)","ガモウひろし","2017/2/3"
"B01C5M5W1M","とつくにの少女　1巻 (ブレイドコミックス)","ながべ","2016/12/17"
"B01KZ6WDTO","とつくにの少女　2巻 (ブレイドコミックス)","ながべ","2016/12/17"
"B00APR9HE8","とろける鉄工所（１） (イブニングコミックス)","野村宗弘","2016/9/26"
"B01DF41KLA","とんかつDJアゲ太郎【期間限定無料】 1 (ジャンプコミックスDIGITAL)","イーピャオ","2016/4/9"
"B01N22480D","とんがり帽子のアトリエ（１） (モーニングコミックス)","白浜鴎","2017/6/18"
"B00AIKXQMG","どうぶつの国（１） (週刊少年マガジンコミックス)","雷句誠","2016/9/15"
"B01GPCKJWK","なぜ、あなたの仕事は終わらないのか スピードは最強の武器である","中島聡","2020/5/22"
"B01MY0FRTE","なんでここに先生が！？（１） (ヤングマガジンコミックス)","蘇募ロウ","2018/10/7"
"B009KYCT6U","にこたま（１） (モーニングコミックス)","渡辺ペコ","2016/6/8"
"B010ABFLZ2","のぼる小寺さん（１） (アフタヌーンコミックス)","珈琲","2016/10/16"
"B00A2MD0SA","のりりん（１） (イブニングコミックス)","鬼頭莫宏","2016/5/6"
"B00QI3QWBE","はぐれアイドル地獄変 1","高遠るい","2017/6/18"
"B0869KD6W8","はぐれアイドル地獄変 10","高遠るい","2020/4/8"
"B016O009J6","はぐれアイドル地獄変 2","高遠るい","2017/6/18"
"B01LQBGNO8","はぐれアイドル地獄変 3","高遠るい","2017/6/18"
"B01N5MBUHW","はぐれアイドル地獄変 4","高遠るい","2017/6/18"
"B071WMCD4V","はぐれアイドル地獄変 5","高遠るい","2017/6/19"
"B07GFJPBMV","はぐれアイドル地獄変 7","高遠るい","2018/9/1"
"B07NQHQYTB","はぐれアイドル地獄変 8","高遠るい","2019/3/4"
"B07VLGVZZ2","はぐれアイドル地獄変 9","高遠るい","2019/9/5"
"B01CY96GB6","はぐれアイドル地獄変外伝 プリンセス・セーラ 1","高遠るい","2017/6/19"
"B07GNF6Z2B","はぐれアイドル地獄変外伝V ボイス坂 1 (ニチブンコミックス)","高遠るい","2019/11/2"
"B07GNGB7RW","はぐれアイドル地獄変外伝V ボイス坂 2 (ニチブンコミックス)","高遠るい","2019/11/2"
"B01DELYNCM","ひとには、言えない。【完全版】 (1) (ぶんか社コミックス)","さんりようこ","2016/4/24"
"B01DELYNSQ","ひとには、言えない。【完全版】 (2) (ぶんか社コミックス)","さんりようこ","2016/4/24"
"B01DELYNCW","ひとには、言えない。【完全版】 (3) (ぶんか社コミックス)","さんりようこ","2016/4/24"
"B01DELYNDG","ひとには、言えない。【完全版】 (4) (ぶんか社コミックス)","さんりようこ","2016/4/24"
"B01DELYNDQ","ひとには、言えない。【完全版】 (5) (ぶんか社コミックス)","さんりようこ","2016/4/24"
"B07N3B31YC","ひとりあそび (ワニマガジンコミックス)","火鳥","2019/1/29"
"B01N1Z3Y34","ひとりぼっちの地球侵略（１）【期間限定　無料お試し版】 (ゲッサン少年サンデーコミックス)","小川麻衣子","2017/1/21"
"B01N5M85BH","ひとりぼっちの地球侵略（２）【期間限定　無料お試し版】 (ゲッサン少年サンデーコミックス)","小川麻衣子","2017/1/21"
"B01MZ6L8JB","ひとりぼっちの地球侵略（３）【期間限定　無料お試し版】 (ゲッサン少年サンデーコミックス)","小川麻衣子","2017/1/21"
"B009SN9R8G","ひまわりっ　～健一レジェンド～（１） ひまわりっ　健一レジェンド (モーニングコミックス)","東村アキコ","2017/1/15"
"B01H6NN0CI","ふぐマン【期間限定無料】 1 (ヤングジャンプコミックスDIGITAL)","徳弘正也","2016/7/3"
"B01CJQTVOI","ふだつきのキョーコちゃん（１）【期間限定　無料お試し版】 (ゲッサン少年サンデーコミックス)","山本崇一朗","2016/3/11"
"B06XFT967Z","ふろがーる！（１）【期間限定　無料お試し版】 (ビッグコミックス)","片山ユキヲ","2017/3/25"
"B009KYBZPG","へうげもの（１） (モーニングコミックス)","山田芳裕","2016/8/28"
"B009KYBZOC","へうげもの（２） (モーニングコミックス)","山田芳裕","2016/8/28"
"B009KYBZR4","へうげもの（３） (モーニングコミックス)","山田芳裕","2016/8/28"
"B00A2MCYFK","ほんとにあった！ 霊媒先生（１） (月刊少年ライバルコミックス)","松本ひで吉","2016/5/6"
"B00A2MCYEQ","ほんとにあった！ 霊媒先生（２） (月刊少年ライバルコミックス)","松本ひで吉","2016/5/6"
"B01N3XE13X","ぼくの体はツーアウト【期間限定無料】 1 (ヤングジャンプコミックスDIGITAL)","よしたに","2016/11/18"
"B01LYXAJRL","ぼくは麻理のなか ： 9 (アクションコミックス)","押見修造","2016/11/28"
"B01N90RU6F","ぽいぽいさま【期間限定無料】 1 (ヤングジャンプコミックスDIGITAL)","村上たかし","2016/11/23"
"B01LVYSX7Z","まかろにスイッチ 1 (HARTA COMIX)","川田大智","2018/10/24"
"B01N5DEP2W","まかろにスイッチ 2 (HARTA COMIX)","川田大智","2018/10/24"
"B00L56TOSM","まんがサイエンス　まんがサイエンス無料版","あさりよしとお","2017/4/8"
"B00IKF55GQ","まんが極道 1 (ビームコミックス)","唐沢 なをき","2020/2/2"
"B06XXHTRX5","まんが親（１）【期間限定　無料お試し版】 (ビッグコミックススペシャル)","吉田戦車","2017/4/22"
"B06XW4MVL2","まんが道（１）【期間限定　無料お試し版】 (藤子不二雄（A）デジタルセレクション)","藤子不二雄(A)","2017/4/8"
"B01N8Q8DA7","めしにしましょう（１） (イブニングコミックス)","小林銅蟲","2017/7/27"
"B06XPTMTFG","めぞん一刻〔新装版〕（１）【期間限定　無料お試し版】 (ビッグコミックス)","高橋留美子","2017/3/25"
"B07B2VDM2T","もも姫 (クリベロン)","ゲズンタイト","2019/4/28"
"B0732RRCWX","やり抜く人の９つの習慣　コロンビア大学の成功の科学","ハイディ・グラント・ハルバーソン","2020/1/4"
"B009KYCJN8","よんでますよ、アザゼルさん。（１） (イブニングコミックス)","久保保久","2018/10/7"
"B06XPWC2JX","らんま1/2〔新装版〕（１）【期間限定　無料お試し版】 (少年サンデーコミックス)","高橋留美子","2017/3/25"
"B07JZ1NYRN","わざと見せてる？ 加茂井さん。 ： 1 (アクションコミックス)","エム。","2020/3/28"
"B01N1Z3Y4B","アオイホノオ（３）【期間限定　無料お試し版】 (ゲッサン少年サンデーコミックス)","島本和彦","2017/1/15"
"B00AF5PIRA","アゲイン！！（１） (週刊少年マガジンコミックス)","久保ミツロウ","2016/9/3"
"B00P0AINEA","アサギロ～浅葱狼～（１０） (ゲッサン少年サンデーコミックス)","ヒラマツ・ミノル","2019/11/20"
"B00WHEF98A","アサギロ～浅葱狼～（１１） (ゲッサン少年サンデーコミックス)","ヒラマツ・ミノル","2019/11/20"
"B014OOMMIA","アサギロ～浅葱狼～（１２） (ゲッサン少年サンデーコミックス)","ヒラマツ・ミノル","2019/11/20"
"B01BM13LF6","アサギロ～浅葱狼～（１３） (ゲッサン少年サンデーコミックス)","ヒラマツ・ミノル","2019/11/20"
"B01K1SDUTS","アサギロ～浅葱狼～（１４） (ゲッサン少年サンデーコミックス)","ヒラマツ・ミノル","2019/11/20"
"B01N2B6KKA","アサギロ～浅葱狼～（１５） (ゲッサン少年サンデーコミックス)","ヒラマツ・ミノル","2019/11/20"
"B075GGBYLX","アサギロ～浅葱狼～（１６） (ゲッサン少年サンデーコミックス)","ヒラマツ・ミノル","2019/11/20"
"B0798JW942","アサギロ～浅葱狼～（１７） (ゲッサン少年サンデーコミックス)","ヒラマツ・ミノル","2019/11/20"
"B07FT1JDN5","アサギロ～浅葱狼～（１８） (ゲッサン少年サンデーコミックス)","ヒラマツ・ミノル","2019/11/20"
"B07P11PL1K","アサギロ～浅葱狼～（１９） (ゲッサン少年サンデーコミックス)","ヒラマツ・ミノル","2019/11/20"
"B07WZMZ7VX","アサギロ～浅葱狼～（２０） (ゲッサン少年サンデーコミックス)","ヒラマツ・ミノル","2019/11/20"
"B086JXWKTH","アサギロ～浅葱狼～（２１） (ゲッサン少年サンデーコミックス)","ヒラマツ・ミノル","2020/4/20"
"B009JZI09K","アサギロ～浅葱狼～（４） (ゲッサン少年サンデーコミックス)","ヒラマツ・ミノル","2019/11/20"
"B00COKLZZI","アサギロ～浅葱狼～（５） (ゲッサン少年サンデーコミックス)","ヒラマツ・ミノル","2019/11/20"
"B00E5YUNNG","アサギロ～浅葱狼～（６） (ゲッサン少年サンデーコミックス)","ヒラマツ・ミノル","2019/11/20"
"B00I3CDQSU","アサギロ～浅葱狼～（７） (ゲッサン少年サンデーコミックス)","ヒラマツ・ミノル","2019/11/20"
"B00I3CDQPS","アサギロ～浅葱狼～（８） (ゲッサン少年サンデーコミックス)","ヒラマツ・ミノル","2019/11/20"
"B00K17YR0Q","アサギロ～浅葱狼～（９） (ゲッサン少年サンデーコミックス)","ヒラマツ・ミノル","2019/11/20"
"B00D5OS7JO","アラサーちゃん　無修正１ (ＳＰＡ！コミックス)","峰 なゆか","2017/5/21"
"B014IO0UB2","アラサーちゃん　無修正２ (ＳＰＡ！コミックス)","峰 なゆか","2017/5/21"
"B07B3VQQFJ","イジらないで、長瀞さん（１） (マガジンポケットコミックス)","ナナシ","2019/2/9"
"B00C7FJ82C","インコ様々 (1) (ぶんか社コミックス)","東條さち子","2016/12/17"
"B00F4PDB3E","インベスターZ(1)","三田紀房","2018/9/21"
"B015FR9YBS","インベスターZ(10)","三田紀房","2018/9/21"
"B01965GYXG","インベスターZ(11)","三田紀房","2018/9/21"
"B01CU9YI8S","インベスターZ(12)","三田紀房","2018/9/21"
"B01H3G0D9G","インベスターZ(13)","三田紀房","2018/9/21"
"B01K9FQC16","インベスターZ(14)","三田紀房","2018/9/21"
"B01M5BEV8W","インベスターZ(15)","三田紀房","2018/9/21"
"B01N4OZI99","インベスターZ(16)","三田紀房","2018/9/21"
"B071XTKHKN","インベスターZ(17)","三田紀房","2018/9/21"
"B072V77CHG","インベスターZ(18)","三田紀房","2018/9/21"
"B074V23Y68","インベスターZ(19)","三田紀房","2018/9/21"
"B00H7OSZYA","インベスターZ(2)","三田紀房","2018/9/21"
"B075RW3C8M","インベスターZ(20)","三田紀房","2018/9/21"
"B076GZKVK9","インベスターZ(21)","三田紀房","2018/9/21"
"B00IZSDBXM","インベスターZ(3)","三田紀房","2018/9/21"
"B00L41JKRI","インベスターZ(4)","三田紀房","2018/9/21"
"B00NHSUCUK","インベスターZ(5)","三田紀房","2018/9/21"
"B00QWBFV3M","インベスターZ(6)","三田紀房","2018/9/21"
"B00TJMATFQ","インベスターZ(7)","三田紀房","2018/9/21"
"B00UKL9WH6","インベスターZ(8)","三田紀房","2018/9/21"
"B00ZBEV6X0","インベスターZ(9)","三田紀房","2018/9/21"
"B078MP53JN","エロマンガ表現史","稀見理都","2018/3/20"
"B01EJ07YPK","オデット ODETTE(1) (ポラリスCOMICS)","日当貼","2020/2/2"
"B01EJ07YJQ","オデット ODETTE(2) (ポラリスCOMICS)","日当貼","2020/2/3"
"B01N7BLI5O","オデット ODETTE(3) (ポラリスCOMICS)","日当貼","2020/2/3"
"B00L11HHLW","オヤジの吐息　1巻","ザビエル山田","2016/6/4"
"B00AMSRG4S","オールラウンダー廻（１） (イブニングコミックス)","遠藤浩輝","2016/7/23"
"B00AMSRG6G","オールラウンダー廻（２） (イブニングコミックス)","遠藤浩輝","2016/7/23"
"B00AMSRG70","オールラウンダー廻（３） (イブニングコミックス)","遠藤浩輝","2016/7/23"
"B009UT5WC8","カバチタレ！（１） (モーニングコミックス)","田島隆","2016/7/23"
"B00H8NNXYM","カバチ！！！　－カバチタレ！３－（１） (モーニングコミックス)","田島隆","2016/7/23"
"B00MEE7EAE","カラスヤサトシ（１） (アフタヌーンコミックス)","カラスヤサトシ","2019/12/7"
"B00MEE7EAY","カラスヤサトシ（２） (アフタヌーンコミックス)","カラスヤサトシ","2019/12/7"
"B00MEE7E9U","カラスヤサトシ（３） (アフタヌーンコミックス)","カラスヤサトシ","2019/12/7"
"B00MEE7EBS","カラスヤサトシ（４） (アフタヌーンコミックス)","カラスヤサトシ","2019/12/7"
"B00DLSZMIS","カラマーゾフの兄弟　─まんがで読破─","ドストエフスキー","2018/9/16"
"B01LSSXIO2","ガールズノート【期間限定無料】 1 (ヤングジャンプコミックスDIGITAL)","KUJIRA","2016/10/24"
"B00QMEE9UA","ギャラリーフェイク ザ ベスト (ビッグコミックススペシャル)","細野不二彦","2017/2/4"
"B01N9GNY8V","ギャラリーフェイク（１）【期間限定　無料お試し版】 (ビッグコミックス)","細野不二彦","2017/1/7"
"B01N6FWNLE","ギャラリーフェイク（２）【期間限定　無料お試し版】 (ビッグコミックス)","細野不二彦","2017/1/7"
"B01N2SZELH","ギャラリーフェイク（３）【期間限定　無料お試し版】 (ビッグコミックス)","細野不二彦","2017/1/7"
"B076KXY8Y3","ギャルごはん 2 (ヤングアニマルコミックス)","太陽まりい","2019/1/30"
"B079YK44F8","ギャルごはん 3 (ヤングアニマルコミックス)","太陽まりい","2019/2/3"
"B07Q5XMW5B","ギャルと恐竜（１） (ヤングマガジンコミックス)","森もり子","2019/4/13"
"B07WZDSPWX","ギャルと恐竜（２） (ヤングマガジンコミックス)","森もり子","2019/9/11"
"B0848HTPTS","ギャルと恐竜（３） (ヤングマガジンコミックス)","森もり子","2020/2/10"
"B01NGYGMQC","ギャルジャポン【期間限定無料】 1 (マーガレットコミックスDIGITAL)","シタラマサコ","2017/1/15"
"B00AOJI9BO","クラスメイトとエッチ授業 1巻","井口 千太郎","2016/5/26"
"B00S5ZH2LC","グラゼニ～東京ドーム編～（１） (モーニングコミックス)","森高夕次","2016/11/19"
"B00W2ZZ4KW","グラゼニ～東京ドーム編～（２） (モーニングコミックス)","森高夕次","2018/10/7"
"B011BANWU2","グラゼニ～東京ドーム編～（３） (モーニングコミックス)","森高夕次","2018/10/7"
"B00F02CMZ4","コウノドリ（１） (モーニングコミックス)","鈴ノ木ユウ","2016/3/23"
"B00DORXD7S","コミンカビヨリ（１） (Ｋｉｓｓコミックス)","高須賀由枝","2016/4/9"
"B00B2XMOQC","ゴリラーマン（１） (ヤングマガジンコミックス)","ハロルド作石","2016/12/10"
"B07TP1TDGW","ゴルゴ13 スタートアップ・セレクション　ゴルゴ13　3大奇跡のスナイプ！【期間限定　無料お試し版】","さいとう・たかを","2019/7/14"
"B00T3XVB9E","ゴールデンカムイ 1 (ヤングジャンプコミックスDIGITAL)","野田サトル","2015/10/11"
"B06W2PFLVM","ゴールデンカムイ 10 (ヤングジャンプコミックスDIGITAL)","野田サトル","2017/4/19"
"B077JRKQSX","ゴールデンカムイ 12 (ヤングジャンプコミックスDIGITAL)","野田サトル","2017/12/21"
"B079Y71GMJ","ゴールデンカムイ 13 (ヤングジャンプコミックスDIGITAL)","野田サトル","2018/3/19"
"B07D58ZJG8","ゴールデンカムイ 14 (ヤングジャンプコミックスDIGITAL)","野田サトル","2018/6/23"
"B07H863HQ8","ゴールデンカムイ 15 (ヤングジャンプコミックスDIGITAL)","野田サトル","2018/9/19"
"B07KS2G1CK","ゴールデンカムイ 16 (ヤングジャンプコミックスDIGITAL)","野田サトル","2018/12/19"
"B07NWLBHLF","ゴールデンカムイ 17 (ヤングジャンプコミックスDIGITAL)","野田サトル","2019/3/19"
"B07S5KLPK7","ゴールデンカムイ 18 (ヤングジャンプコミックスDIGITAL)","野田サトル","2019/6/19"
"B07X3DT558","ゴールデンカムイ 19 (ヤングジャンプコミックスDIGITAL)","野田サトル","2019/9/19"
"B00UBP22KA","ゴールデンカムイ 2 (ヤングジャンプコミックスDIGITAL)","野田サトル","2015/10/11"
"B08216PJYV","ゴールデンカムイ 20 (ヤングジャンプコミックスDIGITAL)","野田サトル","2019/12/19"
"B0855LYG52","ゴールデンカムイ 21 (ヤングジャンプコミックスDIGITAL)","野田サトル","2020/3/19"
"B088YF2Q12","ゴールデンカムイ 22 (ヤングジャンプコミックスDIGITAL)","野田サトル","2020/6/19"
"B00YPDHQIC","ゴールデンカムイ 3 (ヤングジャンプコミックスDIGITAL)","野田サトル","2015/10/11"
"B014ST5KLC","ゴールデンカムイ 4 (ヤングジャンプコミックスDIGITAL)","野田サトル","2015/10/11"
"B01ABUE0UE","ゴールデンカムイ 5 (ヤングジャンプコミックスDIGITAL)","野田サトル","2016/1/21"
"B01C3ZR3DQ","ゴールデンカムイ 6 (ヤングジャンプコミックスDIGITAL)","野田サトル","2016/4/19"
"B01DDOQ7H4","ゴールデンカムイ 7 (ヤングジャンプコミックスDIGITAL)","野田サトル","2016/5/24"
"B01IQYKNOO","ゴールデンカムイ 8 (ヤングジャンプコミックスDIGITAL)","野田サトル","2016/9/17"
"B01MG1CYLZ","ゴールデンカムイ 9 (ヤングジャンプコミックスDIGITAL)","野田サトル","2016/12/19"
"B01H1GXRFK","ゴールデンゴールド（１） (モーニングコミックス)","堀尾省太","2019/2/9"
"B01N21OKAE","ゴールデンゴールド（２） (モーニングコミックス)","堀尾省太","2019/4/16"
"B076D1ZYZB","ゴールデンゴールド（３） (モーニングコミックス)","堀尾省太","2019/4/16"
"B07D2CKT17","ゴールデンゴールド（４） (モーニングコミックス)","堀尾省太","2019/4/16"
"B07LBPDH2K","ゴールデンゴールド（５） (モーニングコミックス)","堀尾省太","2019/4/17"
"B07V6VPVFM","ゴールデンゴールド（６） (モーニングコミックス)","堀尾省太","2019/9/5"
"B07TTH8Z56","サキュバス学園の犬ッ！！【電子限定特典付き】 (1) (バンブーコミックス)","ナックルカーブ","2019/7/14"
"B082XZS9YD","サヨナラ もっちゃん","丸本チンタ ","2020/1/11"
"B06X3VRBHF","サラリーマン拝！（１）【期間限定　無料お試し版】 (ビッグコミックス)","吉田聡","2017/2/25"
"B009SJQFR6","サラリーマン金太郎 第10巻","本宮 ひろ志","2020/1/11"
"B009SJQFOE","サラリーマン金太郎 第6巻","本宮 ひろ志","2020/1/11"
"B009SJQFIU","サラリーマン金太郎 第7巻","本宮 ひろ志","2020/1/11"
"B009SJQFLC","サラリーマン金太郎 第8巻","本宮 ひろ志","2020/1/11"
"B009SJQFQC","サラリーマン金太郎 第9巻","本宮 ひろ志","2020/1/11"
"B00URE8W0E","ザ・ファブル（１） (ヤングマガジンコミックス)","南勝久","2018/6/8"
"B071LNHS75","ザ・ファブル（１０） (ヤングマガジンコミックス)","南勝久","2019/12/7"
"B075676NB3","ザ・ファブル（１１） (ヤングマガジンコミックス)","南勝久","2019/12/7"
"B077QHT9ZS","ザ・ファブル（１２） (ヤングマガジンコミックス)","南勝久","2019/12/7"
"B079YN7N5W","ザ・ファブル（１３） (ヤングマガジンコミックス)","南勝久","2019/12/7"
"B07DCN9CWL","ザ・ファブル（１４） (ヤングマガジンコミックス)","南勝久","2019/12/7"
"B07GSW259C","ザ・ファブル（１５） (ヤングマガジンコミックス)","南勝久","2019/12/7"
"B07KY1HRNH","ザ・ファブル（１６） (ヤングマガジンコミックス)","南勝久","2019/12/7"
"B07P175CRF","ザ・ファブル（１７） (ヤングマガジンコミックス)","南勝久","2019/12/7"
"B07S67JQRD","ザ・ファブル（１８） (ヤングマガジンコミックス)","南勝久","2019/12/7"
"B07X47X8QR","ザ・ファブル（１９） (ヤングマガジンコミックス)","南勝久","2019/12/7"
"B010ABFLRU","ザ・ファブル（２） (ヤングマガジンコミックス)","南勝久","2018/6/8"
"B081ZYQ1GK","ザ・ファブル（２０） (ヤングマガジンコミックス)","南勝久","2019/12/7"
"B08518YY3Z","ザ・ファブル（２１） (ヤングマガジンコミックス)","南勝久","2020/3/6"
"B0895NRVTN","ザ・ファブル（２２） (ヤングマガジンコミックス)","南勝久","2020/6/10"
"B015QZP3A0","ザ・ファブル（３） (ヤングマガジンコミックス)","南勝久","2019/6/10"
"B018FSH5PG","ザ・ファブル（４） (ヤングマガジンコミックス)","南勝久","2019/6/10"
"B01C3VBOPI","ザ・ファブル（５） (ヤングマガジンコミックス)","南勝久","2019/6/10"
"B01G35GTY6","ザ・ファブル（６） (ヤングマガジンコミックス)","南勝久","2019/6/10"
"B01KZCBFRO","ザ・ファブル（７） (ヤングマガジンコミックス)","南勝久","2019/6/10"
"B01N994HGW","ザ・ファブル（８） (ヤングマガジンコミックス)","南勝久","2019/6/11"
"B06X42P4XG","ザ・ファブル（９） (ヤングマガジンコミックス)","南勝久","2019/12/7"
"B00F3836OG","シグルイ　15 (チャンピオンREDコミックス)","山口貴由","2017/5/7"
"B00CE3T8IQ","シドニアの騎士（１） (アフタヌーンコミックス)","弐瓶勉","2016/8/11"
"B00CE3T8LS","シドニアの騎士（２） (アフタヌーンコミックス)","弐瓶勉","2016/8/11"
"B00CE3T8N6","シドニアの騎士（３） (アフタヌーンコミックス)","弐瓶勉","2016/8/11"
"B00BHTTPCM","シュトヘル（１） (ビッグコミックススペシャル)","伊藤悠","2019/10/21"
"B079FQZGGH","ジャヒー様はくじけない！ 1巻 (デジタル版ガンガンコミックスJOKER)","昆布わかめ","2019/4/22"
"B07BT4ZXR4","ジャヒー様はくじけない！ 2巻 (デジタル版ガンガンコミックスJOKER)","昆布わかめ","2019/4/22"
"B07HRR74WZ","ジャヒー様はくじけない！ 3巻 (デジタル版ガンガンコミックスJOKER)","昆布わかめ","2019/4/22"
"B07Q6KKM5R","ジャヒー様はくじけない！ 4巻 (デジタル版ガンガンコミックスJOKER)","昆布わかめ","2019/4/28"
"B01H6NN0SC","ジャングルの王者ターちゃん【期間限定無料】 1 (ジャンプコミックスDIGITAL)","徳弘正也","2016/7/10"
"B01N3XBEQG","ジョジョの奇妙な冒険 第8部 カラー版【期間限定無料】 1 (ジャンプコミックスDIGITAL)","荒木飛呂彦","2016/11/23"
"B00TOC4BV4","ジョナ散歩　プチキス（１） (Ｋｉｓｓコミックス)","ケイケイ","2016/3/23"
"B07MT9BQFX","スキップとローファー（１） (アフタヌーンコミックス)","高松美咲","2020/3/26"
"B07V8RLL7M","スキップとローファー（２） (アフタヌーンコミックス)","高松美咲","2020/3/26"
"B084RDL3VJ","スキップとローファー（３） (アフタヌーンコミックス)","高松美咲","2020/3/26"
"B018LBGRKG","ストレッチ（１）【期間限定　無料お試し版】 (ビッグコミックススペシャル)","アキリ","2016/3/2"
"B0792PDQ3F","スナックバス江 1 (ヤングジャンプコミックスDIGITAL)","フォビドゥン澁川","2019/3/30"
"B01D05UL2I","スピナマラダ！【期間限定無料】 1 (ヤングジャンプコミックスDIGITAL)","野田サトル","2016/4/9"
"B074DQF1P6","スローモーションをもう一度（１）【期間限定　無料お試し版】 (ビッグコミックス)","加納梨衣","2017/8/17"
"B00KQJHWWO","セトウツミ　1 (少年チャンピオン・コミックス)","此元和津也","2020/1/20"
"B00NFHZF6E","セトウツミ　2 (少年チャンピオン・コミックス)","此元和津也","2020/1/20"
"B00VL87D0U","セトウツミ　3 (少年チャンピオン・コミックス)","此元和津也","2020/1/20"
"B014UBBVCK","セトウツミ　4 (少年チャンピオン・コミックス)","此元和津也","2020/1/20"
"B01BDEOQ2O","セトウツミ　5 (少年チャンピオン・コミックス)","此元和津也","2020/1/21"
"B01HSWD0XG","セトウツミ　6 (少年チャンピオン・コミックス)","此元和津也","2020/1/21"
"B06Y1ZMCPD","セトウツミ　7 (少年チャンピオン・コミックス)","此元和津也","2020/1/21"
"B077XRN4D9","セトウツミ　8 (少年チャンピオン・コミックス)","此元和津也","2020/1/21"
"B00H8MYB4E","センゴク一統記（１） (ヤングマガジンコミックス)","宮下英樹","2016/9/3"
"B00U6YJOXY","センチレンタル少女（１） (マンガボックスコミックス)","蜷津直","2017/8/15"
"B077859VVX","ソープランドでボーイをしていました　１","久遠 まこと","2019/5/25"
"B07DN6HN7S","ソープランドでボーイをしていました　２","久遠 まこと","2019/5/25"
"B009KYBR4U","ダイヤのＡ（１） (週刊少年マガジンコミックス)","寺嶋裕二","2016/10/24"
"B009KYBR5E","ダイヤのＡ（２） (週刊少年マガジンコミックス)","寺嶋裕二","2016/10/25"
"B009KYBR8G","ダイヤのＡ（３） (週刊少年マガジンコミックス)","寺嶋裕二","2016/10/25"
"B07MVXKFQW","ダイヤモンドＺＡｉ (ザイ) 2019年3月号 ［雑誌］","ダイヤモンド社","2019/2/3"
"B07SJS7TCC","ダブル（１） (ヒーローズコミックス ふらっと)","野田彩子","2020/5/22"
"B00S0E4JW8","ダンジョン飯 1巻 (HARTA COMIX)","九井 諒子","2015/10/14"
"B013HF83DA","ダンジョン飯 2巻 (HARTA COMIX)","九井 諒子","2017/3/7"
"B01JY4SIBK","ダンジョン飯 3巻 (HARTA COMIX)","九井 諒子","2017/3/7"
"B06W9DMNYZ","ダンジョン飯 4巻 (HARTA COMIX)","九井 諒子","2017/3/8"
"B07496Z2GC","ダンジョン飯 5巻 (HARTA COMIX)","九井 諒子","2017/8/10"
"B07BVMWHMF","ダンジョン飯 6巻 (HARTA COMIX)","九井 諒子","2018/4/15"
"B07Q3BMDH7","ダンジョン飯 7巻 (HARTA COMIX)","九井 諒子","2019/4/12"
"B07X6TBGKH","ダンジョン飯 8巻 (HARTA COMIX)","九井 諒子","2019/9/14"
"B087PT6C9R","ダンジョン飯 9巻 (HARTA COMIX)","九井 諒子","2020/5/15"
"B07MX551PW","チェンソーマン 1 (ジャンプコミックスDIGITAL)","藤本タツキ","2020/5/18"
"B07NN3CHXR","チェンソーマン 2 (ジャンプコミックスDIGITAL)","藤本タツキ","2020/5/18"
"B009KYCEHY","チェーザレ　破壊の創造者（１） (モーニングコミックス)","惣領冬実","2016/8/31"
"B00A2MCNE2","チーズスイートホーム（１） (モーニングコミックス)","こなみかなた","2016/8/28"
"B06XNMS853","ツルモク独身寮（１）【期間限定　無料お試し版】 (ビッグコミックス)","窪之内英策","2017/4/2"
"B06XNPM9KP","ツルモク独身寮（２）【期間限定　無料お試し版】 (ビッグコミックス)","窪之内英策","2017/4/2"
"B06XCNF7WW","ティーンズブルース（１）【期間限定　無料お試し版】 (ビッグコミックス)","コージィ城倉","2017/3/17"
"B01FW92N7G","デカワンコ【期間限定無料】 1 (クイーンズコミックスDIGITAL)","森本梢子","2016/6/5"
"B06WGLB8M6","デストロイ アンド レボリューション【期間限定無料】 1 (ヤングジャンプコミックスDIGITAL)","森恒二","2017/2/21"
"B06VSQQJYQ","デストロイ アンド レボリューション【期間限定無料】 2 (ヤングジャンプコミックスDIGITAL)","森恒二","2017/2/21"
"B073PX54B8","デモクラティア（１）【期間限定　無料お試し版】 (ビッグコミックス)","間瀬元朗","2017/7/27"
"B00T64RAXQ","トクサツガガガ（１） (ビッグコミックス)","丹羽庭","2016/1/2"
"B00XXN7DHO","トクサツガガガ（２） (ビッグコミックス)","丹羽庭","2016/1/3"
"B0129D5WYE","トクサツガガガ（３） (ビッグコミックス)","丹羽庭","2016/1/3"
"B016PVJNUK","トクサツガガガ（４） (ビッグコミックス)","丹羽庭","2016/1/3"
"B01A6JT3FM","トクサツガガガ（５） (ビッグコミックス)","丹羽庭","2016/2/9"
"B01DEJ6HAA","トクサツガガガ（６） (ビッグコミックス)","丹羽庭","2017/3/4"
"B01HNJ9L32","トクサツガガガ（７） (ビッグコミックス)","丹羽庭","2017/3/4"
"B01LXCQ8NX","トクサツガガガ（８） (ビッグコミックス)","丹羽庭","2017/3/4"
"B01N19GZNC","トクサツガガガ（９） (ビッグコミックス)","丹羽庭","2017/3/4"
"B00A765J7G","トッキュー！！（１） (週刊少年マガジンコミックス)","小森陽一","2016/9/10"
"B00A765J8U","トッキュー！！（２） (週刊少年マガジンコミックス)","小森陽一","2016/9/15"
"B009KSOWRU","ドグラ・マグラ","夢野 久作","2017/1/4"
"B06WWK8WMS","ドラえもん デジタルカラー版（３０）【期間限定　無料お試し版】","藤子・Ｆ・不二雄","2017/3/10"
"B06X9H3XNZ","ドラえもん デジタルカラー版（４２）【期間限定　無料お試し版】","藤子・Ｆ・不二雄","2017/3/10"
"B06X9GPYJF","ドラえもん デジタルカラー版（６１）【期間限定　無料お試し版】","藤子・Ｆ・不二雄","2017/3/10"
"B01C84248G","ドラゴンボール超 1 (ジャンプコミックスDIGITAL)","とよたろう","2020/2/8"
"B07T9H7VB5","ドラゴンボール超 10 (ジャンプコミックスDIGITAL)","とよたろう","2020/2/8"
"B07ZK8S788","ドラゴンボール超 11 (ジャンプコミックスDIGITAL)","とよたろう","2020/2/8"
"B01MAZ68G7","ドラゴンボール超 2 (ジャンプコミックスDIGITAL)","とよたろう","2020/2/8"
"B071R4L2SL","ドラゴンボール超 3 (ジャンプコミックスDIGITAL)","とよたろう","2020/2/8"
"B075SW7DYQ","ドラゴンボール超 4 (ジャンプコミックスDIGITAL)","とよたろう","2020/2/8"
"B0792NX2SC","ドラゴンボール超 5 (ジャンプコミックスDIGITAL)","とよたろう","2020/2/8"
"B07CG89XNV","ドラゴンボール超 6 (ジャンプコミックスDIGITAL)","とよたろう","2020/2/8"
"B07FQ94JTP","ドラゴンボール超 7 (ジャンプコミックスDIGITAL)","とよたろう","2020/2/8"
"B07JLRBPG3","ドラゴンボール超 8 (ジャンプコミックスDIGITAL)","とよたろう","2020/2/8"
"B07NWKHSXZ","ドラゴンボール超 9 (ジャンプコミックスDIGITAL)","とよたろう","2020/2/8"
"B07K8PLMN6","ドロヘドロ（２３） (IKKI　COMIX)","林田球","2020/2/11"
"B009KWU6EY","ナニワトモアレ（１） (ヤングマガジンコミックス)","南勝久","2016/12/3"
"B07FQ8JS65","ネットで会って30分で結婚を決めた話　無理しない婚 (少年チャンピオンコミックス・タップ！)","れのれの","2018/11/13"
"B01BSAX8GS","ネムルバカ (RYU COMICS)","石黒正数","2019/9/21"
"B07KG61DXP","ノラと雑草（１） (モーニングコミックス)","真造圭伍","2019/9/21"
"B07SZ637XV","ノラと雑草（２） (モーニングコミックス)","真造圭伍","2019/9/21"
"B07GVF3NXN","ハイスコアガール ＣＯＮＴＩＮＵＥ 1巻【期間限定 無料お試し版】 (デジタル版ビッグガンガンコミックスSUPER)","押切蓮介","2018/10/8"
"B073D9S223","ハイポジ１","きら たかし","2019/2/12"
"B01E7BAW96","ハチワンダイバー【期間限定無料】 1 (ヤングジャンプコミックスDIGITAL)","柴田ヨクサル","2016/5/5"
"B01E7BAWEG","ハチワンダイバー【期間限定無料】 2 (ヤングジャンプコミックスDIGITAL)","柴田ヨクサル","2016/5/5"
"B01E7BAWJQ","ハチワンダイバー【期間限定無料】 3 (ヤングジャンプコミックスDIGITAL)","柴田ヨクサル","2016/5/5"
"B01E7BAWQO","ハチワンダイバー【期間限定無料】 4 (ヤングジャンプコミックスDIGITAL)","柴田ヨクサル","2016/5/5"
"B01E7BAX68","ハチワンダイバー【期間限定無料】 5 (ヤングジャンプコミックスDIGITAL)","柴田ヨクサル","2016/5/5"
"B00MC955I4","ハトのおよめさん（５） (アフタヌーンコミックス)","ハグキ","2018/7/11"
"B015FAXN26","ハナヨメ未満　プチキス（１） (Ｋｉｓｓコミックス)","ウラモトユウコ","2016/6/1"
"B071KTBXR7","ハルシオン・ランチ（１） (アフタヌーンコミックス)","沙村広明","2017/10/1"
"B072DVC2YT","ハルシオン・ランチ（２） (アフタヌーンコミックス)","沙村広明","2020/5/22"
"B00N9U431A","ハロー姉妹（１） (BE・LOVEコミックス)","南国ばなな","2017/7/27"
"B07C3RSZB3","ハーン　‐草と鉄と羊‐（１） (モーニングコミックス)","瀬下猛","2020/5/19"
"B07DNY86SQ","ハーン　‐草と鉄と羊‐（２） (モーニングコミックス)","瀬下猛","2020/5/19"
"B07GBTRD5J","ハーン　‐草と鉄と羊‐（３） (モーニングコミックス)","瀬下猛","2020/5/19"
"B009KYCRKS","バジリスク～甲賀忍法帖～（５） (ヤングマガジンコミックス)","山田風太郎","2016/8/14"
"B01CCWCG82","パパがも一度恋をした（１）【期間限定　無料お試し版】 (ビッグコミックス)","阿部潤","2016/7/31"
"B0747J1WYZ","パラレルパラダイス（１） (ヤングマガジンコミックス)","岡本倫","2019/10/19"
"B087G9HM46","パラレルパラダイス（１０） (ヤングマガジンコミックス)","岡本倫","2020/5/8"
"B0776QDLKB","パラレルパラダイス（２） (ヤングマガジンコミックス)","岡本倫","2019/10/19"
"B07B8JW4WB","パラレルパラダイス（３） (ヤングマガジンコミックス)","岡本倫","2019/10/20"
"B07FGW6TW2","パラレルパラダイス（４） (ヤングマガジンコミックス)","岡本倫","2019/10/20"
"B07HXQYW2G","パラレルパラダイス（５） (ヤングマガジンコミックス)","岡本倫","2019/10/20"
"B07N7DDM4S","パラレルパラダイス（６） (ヤングマガジンコミックス)","岡本倫","2019/10/20"
"B07SKV8Q4C","パラレルパラダイス（７） (ヤングマガジンコミックス)","岡本倫","2019/10/20"
"B07YLS46WS","パラレルパラダイス（８） (ヤングマガジンコミックス)","岡本倫","2019/10/20"
"B0848VRP22","パラレルパラダイス（９） (ヤングマガジンコミックス)","岡本倫","2020/2/9"
"B06XHL1WLX","ヒストリエ（１０） (アフタヌーンコミックス)","岩明均","2017/4/24"
"B07V6VZN85","ヒストリエ（１１） (アフタヌーンコミックス)","岩明均","2019/8/5"
"B009KYCI52","ヒストリエ（５） (アフタヌーンコミックス)","岩明均","2017/4/24"
"B009KYCHXU","ヒストリエ（６） (アフタヌーンコミックス)","岩明均","2017/4/24"
"B009KYCHYY","ヒストリエ（７） (アフタヌーンコミックス)","岩明均","2017/4/24"
"B00EI8RLDE","ヒストリエ（８） (アフタヌーンコミックス)","岩明均","2017/4/24"
"B00XPFUYS0","ヒストリエ（９） (アフタヌーンコミックス)","岩明均","2017/4/24"
"B00C40EU46","ヒナまつり 1 (HARTA COMIX)","大武 政夫","2017/3/7"
"B01C82DJZ0","ヒナまつり 10 (HARTA COMIX)","大武 政夫","2017/3/8"
"B01LVTPYNH","ヒナまつり 11 (HARTA COMIX)","大武 政夫","2017/3/8"
"B06XC419N2","ヒナまつり 12 (HARTA COMIX)","大武 政夫","2017/3/9"
"B0757F6N2H","ヒナまつり 13 (HARTA COMIX)","大武 政夫","2017/9/23"
"B07H24NSPJ","ヒナまつり 15 (HARTA COMIX)","大武 政夫","2018/9/16"
"B07NS44D3R","ヒナまつり 16 (HARTA COMIX)","大武 政夫","2019/4/16"
"B07X8FKTCF","ヒナまつり 17 (HARTA COMIX)","大武 政夫","2019/9/17"
"B086MQ3417","ヒナまつり 18 (HARTA COMIX)","大武 政夫","2020/4/18"
"B00C40EU8C","ヒナまつり 2 (HARTA COMIX)","大武 政夫","2017/3/8"
"B00C40EU8M","ヒナまつり 3 (HARTA COMIX)","大武 政夫","2017/3/8"
"B00C40EUBY","ヒナまつり 4 (HARTA COMIX)","大武 政夫","2017/3/8"
"B00EID51KO","ヒナまつり 5 (HARTA COMIX)","大武 政夫","2017/3/8"
"B00IZXB0VC","ヒナまつり 6 (HARTA COMIX)","大武 政夫","2017/3/8"
"B00NIEWMEM","ヒナまつり 7 (HARTA COMIX)","大武 政夫","2017/3/8"
"B00TZH65X0","ヒナまつり 8 (HARTA COMIX)","大武 政夫","2017/3/8"
"B0152C6CS4","ヒナまつり 9 (HARTA COMIX)","大武 政夫","2017/3/8"
"B016ZP76FK","ヒメゴト～十九歳の制服～（２）【期間限定　無料お試し版】 (ビッグコミックス)","峰浪りょう","2015/11/22"
"B016ZP76GY","ヒメゴト～十九歳の制服～（３）【期間限定　無料お試し版】 (ビッグコミックス)","峰浪りょう","2015/11/22"
"B009KWUCLG","ピアノの森（１） (モーニングコミックス)","一色まこと","2016/2/20"
"B009KWUCQQ","ピアノの森（２） (モーニングコミックス)","一色まこと","2016/2/20"
"B009KWUCPM","ピアノの森（３） (モーニングコミックス)","一色まこと","2016/2/20"
"B01MRH8QOR","ピューと吹く！ジャガー カラー版【期間限定無料】 1 (ジャンプコミックスDIGITAL)","うすた京介","2016/11/18"
"B01MXDTEYQ","ピューと吹く！ジャガー カラー版【期間限定無料】 2 (ジャンプコミックスDIGITAL)","うすた京介","2016/11/18"
"B01BWMJAO6","ピンポン（１）【期間限定　無料お試し版】 (ビッグコミックス)","松本大洋","2016/3/10"
"B00DR6PZN6","ピースオブケイク（１） (FEEL COMICS)","ジョージ朝倉","2016/8/14"
"B01G1DV4PY","ファイアパンチ 1 (ジャンプコミックスDIGITAL)","藤本タツキ","2020/5/18"
"B01KJGD63M","ファイアパンチ 2 (ジャンプコミックスDIGITAL)","藤本タツキ","2020/5/18"
"B01M3SH0YC","ファイアパンチ 3 (ジャンプコミックスDIGITAL)","藤本タツキ","2020/5/18"
"B01MZBWA0B","ファイアパンチ 4 (ジャンプコミックスDIGITAL)","藤本タツキ","2020/5/18"
"B06ZYJSNQK","ファイアパンチ 5 (ジャンプコミックスDIGITAL)","藤本タツキ","2020/5/18"
"B072RCY9NK","ファイアパンチ 6 (ジャンプコミックスDIGITAL)","藤本タツキ","2020/5/18"
"B075SWRWLZ","ファイアパンチ 7 (ジャンプコミックスDIGITAL)","藤本タツキ","2020/5/18"
"B077JX26JY","ファイアパンチ 8 (ジャンプコミックスDIGITAL)","藤本タツキ","2020/5/18"
"B06XBYJZLN","ファイアパンチ【期間限定無料】 1 (ジャンプコミックスDIGITAL)","藤本タツキ","2017/3/17"
"B01GNTZA1A","フリンジマン（１） (ヤングマガジンコミックス)","青木Ｕ平","2017/1/28"
"B01GNTZA1U","フリンジマン（２） (ヤングマガジンコミックス)","青木Ｕ平","2017/2/4"
"B01GNTZA6K","フリンジマン（３） (ヤングマガジンコミックス)","青木Ｕ平","2017/2/4"
"B01GNTZA2E","フリンジマン（４） (ヤングマガジンコミックス)","青木Ｕ平","2017/2/4"
"B00G2676VM","ブラッドハーレーの馬車","沙村 広明","2020/5/22"
"B07873642C","ブルーピリオド（１） (アフタヌーンコミックス)","山口つばさ","2020/6/13"
"B07BBHDKL3","ブルーピリオド（２） (アフタヌーンコミックス)","山口つばさ","2020/6/13"
"B07GBVWWG7","ブルーピリオド（３） (アフタヌーンコミックス)","山口つばさ","2020/6/13"
"B07NVJ1KD7","ブルーピリオド（４） (アフタヌーンコミックス)","山口つばさ","2020/6/13"
"B07SQQX49N","ブルーピリオド（５） (アフタヌーンコミックス)","山口つばさ","2020/6/13"
"B081F1J3KW","ブルーピリオド（６） (アフタヌーンコミックス)","山口つばさ","2020/6/13"
"B085VCT462","ブルーピリオド（７） (アフタヌーンコミックス)","山口つばさ","2020/6/13"
"B06XC21KQV","プラチナエンド【期間限定無料】 1 (ジャンプコミックスDIGITAL)","大場つぐみ","2017/3/17"
"B00ZT6BRYS","プリンセスメゾン（１） (ビッグコミックス)","池辺葵","2016/12/15"
"B01BM13LTM","プリンセスメゾン（２） (ビッグコミックス)","池辺葵","2016/12/15"
"B01LXFBDK4","プリンセスメゾン（３） (ビッグコミックス)","池辺葵","2016/12/15"
"B00CIEECK0","プロチチ（１） (イブニングコミックス)","逢坂みえこ","2017/3/20"
"B00KL68G1I","プロレススーパースター列伝 1","原田 久仁信","2016/5/24"
"B01I4PAGVU","プロレススーパースター列伝【デジタルリマスター】 1","原田 久仁信","2016/8/10"
"B01I4PAGV0","プロレススーパースター列伝【デジタルリマスター】 2","原田 久仁信","2016/8/11"
"B01I4PAIUY","プロレススーパースター列伝【デジタルリマスター】 3","原田 久仁信","2016/8/11"
"B07J1DF3HY","ベランダは難攻不落のラ・フランス (CUE COMICS)","衿沢世衣子","2018/11/13"
"B07GSZFN9N","ベルセルク 40 (ヤングアニマルコミックス)","三浦建太郎","2019/7/1"
"B00URE8VT6","ホクサイと飯さえあれば（１） (ヤングマガジンコミックス)","鈴木小波","2017/7/27"
"B075651TX5","マイホームヒーロー（１） (ヤングマガジンコミックス)","山川直輝","2020/2/10"
"B0848GDPTX","マイホームヒーロー（１０） (ヤングマガジンコミックス)","山川直輝","2020/2/10"
"B0895P5WXS","マイホームヒーロー（１１） (ヤングマガジンコミックス)","山川直輝","2020/6/10"
"B077Q65CZM","マイホームヒーロー（２） (ヤングマガジンコミックス)","山川直輝","2020/2/10"
"B079Z3K8S6","マイホームヒーロー（３） (ヤングマガジンコミックス)","山川直輝","2020/2/10"
"B07DCN48JV","マイホームヒーロー（４） (ヤングマガジンコミックス)","山川直輝","2020/2/10"
"B07GSSDD8R","マイホームヒーロー（５） (ヤングマガジンコミックス)","山川直輝","2020/2/10"
"B07MDC4DR2","マイホームヒーロー（６） (ヤングマガジンコミックス)","山川直輝","2020/2/10"
"B07Q3FXZFZ","マイホームヒーロー（７） (ヤングマガジンコミックス)","山川直輝","2020/2/10"
"B07TQS8ZYL","マイホームヒーロー（８） (ヤングマガジンコミックス)","山川直輝","2020/2/10"
"B07ZPZB64Z","マイホームヒーロー（９） (ヤングマガジンコミックス)","山川直輝","2020/2/10"
"B07YG6DJHD","ママ母手帳 「お母さん二人いてもいいかな！？」の、これまで。 下巻","中村キヨ","2020/1/20"
"B079HQDNM5","ママ母手帳 「お母さん二人いてもいいかな！？」の、これまで。　上巻","中村キヨ","2020/1/15"
"B079HTL846","ママ母手帳 「お母さん二人いてもいいかな！？」の、これまで。　中巻","中村キヨ","2020/1/15"
"B07877JJP7","マンガでわかる やさしい統計学 (池田書店)","智","2018/7/16"
"B01I9IJHDA","マンガでわかる統計学入門","滝川好夫","2017/4/19"
"B01N79QIXE","マンガで分かる心療内科 依存症編(ネット・スマホ・ゲーム・ギャンブル・ポルノ) (ヤングキングコミックス)","ゆうきゆう","2017/1/4"
"B014W1EC7E","マンガ・エロティクス・エフ【無料連載版】","鳩山郁子","2016/11/23"
"B00KYEH7GW","メイドインアビス（１） (バンブーコミックス)","つくしあきひと","2016/1/2"
"B00LCVY5SO","メイドインアビス（２） (バンブーコミックス)","つくしあきひと","2017/7/14"
"B00ZTXKHS8","メイドインアビス（３） (バンブーコミックス)","つくしあきひと","2017/7/15"
"B01EY302KQ","メイドインアビス（４） (バンブーコミックス)","つくしあきひと","2017/7/16"
"B01MY0EK67","メイドインアビス（５） (バンブーコミックス)","つくしあきひと","2017/7/16"
"B00FS9D7DU","メロポンだし！（１） (モーニングコミックス)","東村アキコ","2017/1/28"
"B074BPQ7RV","モテ考 30歳独身漫画家がマイナスから始める恋愛修業 (HARTA COMIX)","緒方 波子","2018/11/13"
"B00J22U2R8","モンクロチョウ（１） (ヤングマガジンコミックス)","日暮キノコ","2017/1/28"
"B01MQFUY5B","モンテ・クリスト【期間限定無料】 1 (ヤングジャンプコミックスDIGITAL)","熊谷カズヒロ","2016/11/23"
"B01N0SGK68","モートリ／妄想の砦【期間限定無料】 1 (ヤングジャンプコミックスDIGITAL)","葉月京","2017/1/9"
"B06X1F4KW6","ヤスミーン【期間限定無料】 1 (ヤングジャンプコミックスDIGITAL)","畑優以","2017/3/9"
"B00BVWWNH4","ヤング 島耕作 主任編（１） (イブニングコミックス)","弘兼憲史","2016/7/10"
"B009KYCRMQ","ヤング 島耕作（１） (イブニングコミックス)","弘兼憲史","2016/7/10"
"B00AA9W658","ヨコハマ買い出し紀行（１） (アフタヌーンコミックス)","芦奈野ひとし","2016/7/23"
"B00AA9W68U","ヨコハマ買い出し紀行（２） (アフタヌーンコミックス)","芦奈野ひとし","2016/12/29"
"B009SN9XEY","ライアー×ライアー（１） (デザートコミックス)","金田一蓮十郎","2016/7/23"
"B00EJ2AR5I","ライスショルダー（１） (モーニングコミックス)","なかいま強","2016/12/10"
"B00EJ2AR7Q","ライスショルダー（２） (モーニングコミックス)","なかいま強","2016/12/10"
"B00EJ2AR4Y","ライスショルダー（３） (モーニングコミックス)","なかいま強","2016/12/10"
"B00FOFT2PU","ラブやん（１） (アフタヌーンコミックス)","田丸浩史","2017/3/17"
"B00SM8OQLG","ラブホの上野さん　1 (MFコミックス　フラッパーシリーズ)","博士","2016/11/28"
"B0129KS4QK","ラブホの上野さん　2 (MFコミックス　フラッパーシリーズ)","博士","2016/11/28"
"B07HR8F4GY","ラブ考 (HARTA COMIX)","緒方 波子","2018/11/13"
"B00LIUMUUE","リヴィングストン（１） (モーニングコミックス)","前川知大","2017/1/28"
"B078MZSNXL","レズと七人の彼女たち　１巻","中村キヨ","2018/10/7"
"B078MYN4SL","レズと七人の彼女たち　２巻","中村キヨ","2018/11/5"
"B00A2MD0GM","レッド　１９６９～１９７２（１） (イブニングコミックス)","山本直樹","2017/3/20"
"B07B8NRLQH","ロロッロ！　１ (少年チャンピオン・コミックス)","桜井のりお","2019/11/2"
"B07GYLD2R3","ロロッロ！　２ (少年チャンピオン・コミックス)","桜井のりお","2019/11/2"
"B07KQ19FFM","ロロッロ！　３ (少年チャンピオン・コミックス)","桜井のりお","2019/11/2"
"B07R5XHK15","ロロッロ！　４ (少年チャンピオン・コミックス)","桜井のりお","2020/4/4"
"B081ZV1RLW","ワリキリ姉妹 1","高遠るい","2020/2/10"
"B073NZGQSB","ワンダーランド（１）【期間限定　無料お試し版】 (ビッグコミックス)","石川優吾","2017/7/27"
"B009KYCEVA","ヴィンランド・サガ（１） (アフタヌーンコミックス)","幸村誠","2018/9/1"
"B009KYCF96","ヴィンランド・サガ（１０） (アフタヌーンコミックス)","幸村誠","2018/9/5"
"B009KYCFAU","ヴィンランド・サガ（１１） (アフタヌーンコミックス)","幸村誠","2018/9/5"
"B00B8EXM84","ヴィンランド・サガ（１２） (アフタヌーンコミックス)","幸村誠","2018/9/5"
"B00F02CL00","ヴィンランド・サガ（１３） (アフタヌーンコミックス)","幸村誠","2018/9/5"
"B00IXC9MHE","ヴィンランド・サガ（１４） (アフタヌーンコミックス)","幸村誠","2018/9/5"
"B00PAO1MPI","ヴィンランド・サガ（１５） (アフタヌーンコミックス)","幸村誠","2018/9/6"
"B00ZBU8OBG","ヴィンランド・サガ（１６） (アフタヌーンコミックス)","幸村誠","2018/9/6"
"B01AHO8V5Y","ヴィンランド・サガ（１７） (アフタヌーンコミックス)","幸村誠","2018/9/6"
"B01K4DBG1O","ヴィンランド・サガ（１８） (アフタヌーンコミックス)","幸村誠","2016/11/25"
"B06Y5GPBC8","ヴィンランド・サガ（１９） (アフタヌーンコミックス)","幸村誠","2017/4/21"
"B009KYCEXI","ヴィンランド・サガ（２） (アフタヌーンコミックス)","幸村誠","2018/9/1"
"B07793K5JV","ヴィンランド・サガ（２０） (アフタヌーンコミックス)","幸村誠","2017/12/22"
"B07GBVK1GX","ヴィンランド・サガ（２１） (アフタヌーンコミックス)","幸村誠","2018/8/23"
"B07SYHF4YK","ヴィンランド・サガ（２２） (アフタヌーンコミックス)","幸村誠","2019/6/21"
"B081CD315Y","ヴィンランド・サガ（２３） (アフタヌーンコミックス)","幸村誠","2019/11/22"
"B009KYCEXS","ヴィンランド・サガ（３） (アフタヌーンコミックス)","幸村誠","2018/9/2"
"B009KYCEYC","ヴィンランド・サガ（４） (アフタヌーンコミックス)","幸村誠","2018/9/2"
"B009KYCF1E","ヴィンランド・サガ（５） (アフタヌーンコミックス)","幸村誠","2018/9/2"
"B009KYCF4G","ヴィンランド・サガ（６） (アフタヌーンコミックス)","幸村誠","2018/9/2"
"B009KYCF5A","ヴィンランド・サガ（７） (アフタヌーンコミックス)","幸村誠","2018/9/2"
"B009KYCF78","ヴィンランド・サガ（８） (アフタヌーンコミックス)","幸村誠","2018/9/2"
"B009KYCF6Y","ヴィンランド・サガ（９） (アフタヌーンコミックス)","幸村誠","2018/9/5"
"B00AQRYSVO","一九八四年","ジョージ・オーウェル","2016/1/8"
"B00DFXHCXW","七つの大罪（１） (週刊少年マガジンコミックス)","鈴木央","2016/8/31"
"B01BHNB8OA","七夕の国（１）【期間限定　無料お試し版】 (ビッグコミックス)","岩明均","2016/2/23"
"B06WVHRW1B","七月の骨（１）【期間限定　無料お試し版】 (ビッグコミックススペシャル)","吉田聡","2017/2/25"
"B06XG2Z59N","上京アフロ田中（１）【期間限定　無料お試し版】 (ビッグコミックス)","のりつけ雅春","2017/3/17"
"B06XFP3M9M","上京アフロ田中（２）【期間限定　無料お試し版】 (ビッグコミックス)","のりつけ雅春","2017/3/17"
"B07TJG2TGY","上京アフロ田中（３）【期間限定　無料お試し版】 (ビッグコミックス)","のりつけ雅春","2019/7/14"
"B01N3OUO48","不倫食堂 分冊版 1 (ヤングジャンプコミックスDIGITAL)","山口譲司","2017/1/28"
"B06XKYNSD6","不倫食堂 分冊版 15 (ヤングジャンプコミックスDIGITAL)","山口譲司","2017/3/20"
"B01MRJQ6KA","不倫食堂 分冊版 8 (ヤングジャンプコミックスDIGITAL)","山口譲司","2017/2/3"
"B01N35MHDD","世界はボクのもの（１）【期間限定　無料お試し版】 (ビッグコミックス)","若杉公徳","2017/2/3"
"B00UUMCCVI","世界一周ホモのたび (本当にあった笑える話)","熊田プウ助","2016/12/11"
"B083K42ZPN","世界最高のエビデンスでやさしく伝える 最新医学で一番正しい アトピーの治し方","大塚 篤司","2020/2/2"
"B06XFZNT6G","中退アフロ田中（１）【期間限定　無料お試し版】 (ビッグコミックス)","のりつけ雅春","2017/3/17"
"B06XFYYB43","中退アフロ田中（２）【期間限定　無料お試し版】 (ビッグコミックス)","のりつけ雅春","2017/3/17"
"B07TJG543X","中退アフロ田中（３）【期間限定　無料お試し版】 (ビッグコミックス)","のりつけ雅春","2019/7/14"
"B01IUUX6IO","中間管理録トネガワ（１） (コミックＤＡＹＳコミックス)","萩原天晴","2016/12/11"
"B01IUUX6IY","中間管理録トネガワ（２） (コミックＤＡＹＳコミックス)","萩原天晴","2016/12/18"
"B01J130PPQ","中間管理録トネガワ（３） (コミックＤＡＹＳコミックス)","萩原天晴","2016/12/18"
"B01N6B3M0C","中間管理録トネガワ（４） (コミックＤＡＹＳコミックス)","萩原天晴","2016/12/18"
"B071FLQ4XQ","中間管理録トネガワ（５） (コミックＤＡＹＳコミックス)","福本伸行","2017/6/18"
"B009KYCL9K","主に泣いてます（１） (モーニングコミックス)","東村アキコ","2017/1/15"
"B079JDL42X","乙嫁語り 10巻 (HARTA COMIX)","森 薫","2020/2/1"
"B07L2PP4MT","乙嫁語り 11巻 (HARTA COMIX)","森 薫","2020/2/2"
"B0824DLB7G","乙嫁語り 12巻 (HARTA COMIX)","森 薫","2020/2/2"
"B0097280D6","乙嫁語り 1巻 (HARTA COMIX)","森 薫","2016/12/30"
"B0097280A4","乙嫁語り 2巻 (HARTA COMIX)","森 薫","2016/12/30"
"B009728036","乙嫁語り 3巻 (HARTA COMIX)","森 薫","2016/12/30"
"B00AJI6DLS","乙嫁語り 4巻 (HARTA COMIX)","森 薫","2016/12/30"
"B00BEPI2PK","乙嫁語り 5巻 (HARTA COMIX)","森 薫","2016/12/30"
"B00HSC60TS","乙嫁語り 6巻 (HARTA COMIX)","森 薫","2016/12/30"
"B00TIGAZG6","乙嫁語り 7巻 (HARTA COMIX)","森 薫","2016/12/30"
"B0194EHYDS","乙嫁語り 8巻 (HARTA COMIX)","森 薫","2016/12/30"
"B01N2RXAJ8","乙嫁語り 9巻 (HARTA COMIX)","森 薫","2020/2/1"
"B00BEPJ2SG","九井諒子作品集 竜のかわいい七つの子 (HARTA COMIX)","九井 諒子","2015/10/2"
"B07HRQJ1WV","事情を知らない転校生がグイグイくる。 1巻 (デジタル版ガンガンコミックスJOKER)","川村拓","2019/12/11"
"B07N8ZT86X","事情を知らない転校生がグイグイくる。 2巻 (デジタル版ガンガンコミックスJOKER)","川村拓","2019/12/11"
"B07SC9SL25","事情を知らない転校生がグイグイくる。 3巻 (デジタル版ガンガンコミックスJOKER)","川村拓","2019/12/11"
"B00A2MCQ3U","五年生（１） (アフタヌーンコミックス)","木尾士目","2016/11/18"
"B00BML5V6E","亜人（１） (アフタヌーンコミックス)","桜井画門","2016/5/17"
"B01MU9VM86","人間交差点（１）【期間限定　無料お試し版】 (ビッグコミックス)","弘兼憲史","2017/1/21"
"B01N1031OV","人間交差点（２）【期間限定　無料お試し版】 (ビッグコミックス)","弘兼憲史","2017/1/21"
"B01MU9VLF7","人間交差点（３）【期間限定　無料お試し版】 (ビッグコミックス)","弘兼憲史","2017/1/21"
"B009IXASIE","人間失格","太宰 治","2017/1/4"
"B07MNKPRGN","付き合ってあげてもいいかな（１） (裏サンデー女子部)","たみふる","2019/3/4"
"B009YDLEPE","係長 島耕作（１） (イブニングコミックス)","弘兼憲史","2016/7/10"
"B01LVVZX1S","健康で文化的な最低限度の生活（１）【期間限定　無料お試し版】 (ビッグコミックス)","柏木ハルコ","2016/10/8"
"B07HJ1Q1WL","働かざる者たち","サレンダー橋本","2019/9/18"
"B01N6WASKU","働かないふたり　1巻【期間限定 無料お試し版】 BUNCH COMICS (バンチコミックス)","吉田覚","2017/2/11"
"B015QZP3KU","僕たちがやりました（１） (ヤングマガジンコミックス)","金城宗幸","2016/7/13"
"B016ZKL28M","僕たちがやりました（２） (ヤングマガジンコミックス)","金城宗幸","2016/7/13"
"B019MI6FYA","僕たちがやりました（３） (ヤングマガジンコミックス)","金城宗幸","2016/7/13"
"B01DD71QHW","僕たちがやりました（４） (ヤングマガジンコミックス)","金城宗幸","2016/7/13"
"B01G35GTZA","僕たちがやりました（５） (ヤングマガジンコミックス)","金城宗幸","2016/7/13"
"B01KZCBKRE","僕たちがやりました（６） (ヤングマガジンコミックス)","金城宗幸","2016/10/8"
"B01N0IDMMS","僕たちがやりました（７） (ヤングマガジンコミックス)","金城宗幸","2016/12/9"
"B06XBY75VG","僕たちがやりました（８） (ヤングマガジンコミックス)","金城宗幸","2017/3/6"
"B06XXTX7YQ","僕たちがやりました（９） (ヤングマガジンコミックス)","金城宗幸","2017/4/8"
"B00CM0F5PQ","僕だけがいない街(1) (角川コミックス・エース)","三部 けい","2016/1/31"
"B00DONC1XE","僕だけがいない街(2) (角川コミックス・エース)","三部 けい","2016/1/31"
"B00GZK5NLK","僕だけがいない街(3) (角川コミックス・エース)","三部 けい","2016/1/31"
"B00KMHSJIQ","僕だけがいない街(4) (角川コミックス・エース)","三部 けい","2016/1/31"
"B00R3XZNEK","僕だけがいない街(5) (角川コミックス・エース)","三部 けい","2016/1/31"
"B010N2825O","僕だけがいない街(6) (角川コミックス・エース)","三部 けい","2016/1/31"
"B019I5E32S","僕だけがいない街(7) (角川コミックス・エース)","三部 けい","2016/1/31"
"B01E8BNEA4","僕だけがいない街(8) (角川コミックス・エース)","三部 けい","2016/4/27"
"B07HMWFYCN","僕だけに優しい物語 (トーチコミックス)","田所コウ","2018/11/13"
"B06XXHBL8P","僕と宇宙人【期間限定無料】 1 (ヤングジャンプコミックスDIGITAL)","NOBEL","2017/4/22"
"B01DA6O2U4","僕のヒーローアカデミア【期間限定無料】 1 (ジャンプコミックスDIGITAL)","堀越耕平","2016/4/9"
"B01LEH5LCY","僕のヒーローアカデミア【期間限定無料】 2 (ジャンプコミックスDIGITAL)","堀越耕平","2016/10/4"
"B00A765Y4Y","僕の小規模な生活（２） (モーニングコミックス)","福満しげゆき","2020/3/29"
"B07J1T13WX","僕の心のヤバイやつ　１ (少年チャンピオン・コミックス)","桜井のりお","2019/6/12"
"B07TW38R1N","僕の心のヤバイやつ　２ (少年チャンピオン・コミックス)","桜井のりお","2019/9/8"
"B0897G3FLT","僕の心のヤバイやつ　３ (少年チャンピオン・コミックス)","桜井のりお","2020/6/8"
"B01LYI2UPQ","僕らはみんな死んでいる♪【期間限定無料】 1 (クイーンズコミックスDIGITAL)","きら","2016/10/20"
"B00IFX1EPE","先生の白い嘘（１） (モーニングコミックス)","鳥飼茜","2016/5/24"
"B00DLSZYTU","共産党宣言　─まんがで読破─","マルクス＋エンゲルス","2018/9/16"
"B00A2MD0O4","冒険エレキテ島（１） (アフタヌーンコミックス)","鶴田謙二","2019/2/18"
"B077HN3D4M","冒険エレキテ島（２） (アフタヌーンコミックス)","鶴田謙二","2019/2/18"
"B072Q32L5S","凪のお暇　１ (A.L.C. DX)","コナリミサト","2018/8/25"
"B076RPRRYS","凪のお暇　２ (A.L.C. DX)","コナリミサト","2018/8/25"
"B078H9NBP8","凪のお暇　３ (A.L.C. DX)","コナリミサト","2018/8/25"
"B07DT95H8J","凪のお暇　４ (A.L.C. DX)","コナリミサト","2018/8/25"
"B01N6734Z0","刃牙道 1【期間限定　無料お試し版】 (少年チャンピオン・コミックス)","板垣恵介","2016/12/11"
"B009KYCSKM","刻刻（１） (モーニングコミックス)","堀尾省太","2016/12/17"
"B009KYCSMU","刻刻（２） (モーニングコミックス)","堀尾省太","2016/12/17"
"B009KYCSKW","刻刻（３） (モーニングコミックス)","堀尾省太","2016/12/17"
"B009KYCSMK","刻刻（４） (モーニングコミックス)","堀尾省太","2016/12/17"
"B009KYCSNE","刻刻（５） (モーニングコミックス)","堀尾省太","2016/12/17"
"B00CGP5E9E","刻刻（６） (モーニングコミックス)","堀尾省太","2016/12/17"
"B00GOKE7G8","刻刻（７） (モーニングコミックス)","堀尾省太","2016/12/17"
"B00OJRLZ5E","刻刻（８） (モーニングコミックス)","堀尾省太","2016/12/17"
"B07C3JFK3V","前処理大全［データ分析のためのSQL/R/Python実践テクニック］","本橋 智光","2018/5/1"
"B07N71HHWC","勇者と魔王のラブコメ【カラーページ増量版】 (1) (バンブーコミックス)","ホリエリュウ","2019/2/18"
"B00GN1B44G","匿名の彼女たち（１） (ヤングマガジンコミックス)","五十嵐健三","2016/11/14"
"B00CE3T7VY","十　～忍法魔界転生～（１） (ヤングマガジンコミックス)","山田風太郎","2016/8/14"
"B01N4R7PPH","十　～忍法魔界転生～（１０） (ヤングマガジンコミックス)","山田風太郎","2020/6/4"
"B0747K8G8W","十　～忍法魔界転生～（１１） (ヤングマガジンコミックス)","山田風太郎","2020/6/4"
"B0798JWC2N","十　～忍法魔界転生～（１２） (ヤングマガジンコミックス)","山田風太郎","2020/6/4"
"B07FVRFXNH","十　～忍法魔界転生～（１３） (ヤングマガジンコミックス)","せがわまさき","2020/6/4"
"B00DORXCK6","十　～忍法魔界転生～（２） (ヤングマガジンコミックス)","山田風太郎","2016/8/14"
"B00H8NNT1E","十　～忍法魔界転生～（３） (ヤングマガジンコミックス)","山田風太郎","2016/8/14"
"B00J22TYG8","十　～忍法魔界転生～（４） (ヤングマガジンコミックス)","山田風太郎","2016/8/14"
"B00NOTKB2G","十　～忍法魔界転生～（５） (ヤングマガジンコミックス)","山田風太郎","2016/8/14"
"B00TQE8ZGC","十　～忍法魔界転生～（６） (ヤングマガジンコミックス)","山田風太郎","2016/8/14"
"B013WA3WUO","十　～忍法魔界転生～（７） (ヤングマガジンコミックス)","山田風太郎","2016/8/14"
"B01B17BWXO","十　～忍法魔界転生～（８） (ヤングマガジンコミックス)","山田風太郎","2016/8/14"
"B01J130PI8","十　～忍法魔界転生～（９） (ヤングマガジンコミックス)","山田風太郎","2016/8/14"
"B0744DXGX8","双亡亭壊すべし（１）【期間限定　無料お試し版】 (少年サンデーコミックス)","藤田和日郎","2017/8/17"
"B07HNZD1SC","双亡亭壊すべし（１）【期間限定　無料お試し版】 (少年サンデーコミックス)","藤田和日郎","2018/10/7"
"B07GZQ9J1L","双亡亭壊すべし（１０） (少年サンデーコミックス)","藤田和日郎","2018/10/15"
"B07KYGRTL8","双亡亭壊すべし（１１） (少年サンデーコミックス)","藤田和日郎","2018/12/18"
"B07P7VCFRG","双亡亭壊すべし（１２） (少年サンデーコミックス)","藤田和日郎","2019/4/9"
"B07SNPFPQT","双亡亭壊すべし（１３） (少年サンデーコミックス)","藤田和日郎","2020/5/19"
"B07HNR6GK1","双亡亭壊すべし（２）【期間限定　無料お試し版】 (少年サンデーコミックス)","藤田和日郎","2018/10/7"
"B01NBY9XDT","双亡亭壊すべし（３） (少年サンデーコミックス)","藤田和日郎","2018/10/13"
"B06ZXSP6HV","双亡亭壊すべし（４） (少年サンデーコミックス)","藤田和日郎","2018/10/15"
"B073WT1CQP","双亡亭壊すべし（５） (少年サンデーコミックス)","藤田和日郎","2018/10/15"
"B076GYSXKH","双亡亭壊すべし（６） (少年サンデーコミックス)","藤田和日郎","2018/10/15"
"B07922DJJN","双亡亭壊すべし（７） (少年サンデーコミックス)","藤田和日郎","2018/10/15"
"B07CDCLDC7","双亡亭壊すべし（８） (少年サンデーコミックス)","藤田和日郎","2018/10/15"
"B07F68T6VS","双亡亭壊すべし（９） (少年サンデーコミックス)","藤田和日郎","2018/10/15"
"B01N02BZ18","口入屋兇次【期間限定無料】 1 (ヤングジャンプコミックスDIGITAL)","岡田屋鉄蔵","2016/11/18"
"B07HRL186V","古見さんは、コミュ症です。（３）【期間限定　無料お試し版】 (少年サンデーコミックス)","オダトモヒト","2018/10/7"
"B06ZYHLMGN","史群アル仙のメンタルチップス　～不安障害とADHDの歩き方～","史群アル仙","2018/4/22"
"B01MDM2SFW","吼えろペン（２）【期間限定　無料お試し版】 (サンデーGXコミックス)","島本和彦","2016/10/22"
"B01M4J69EZ","吼えろペン（３）【期間限定　無料お試し版】 (サンデーGXコミックス)","島本和彦","2016/10/22"
"B07C6V69DF","吾輩の部屋である（１）【期間限定　無料お試し版】 (ゲッサン少年サンデーコミックス)","田岡りき","2018/5/5"
"B07C79Y161","吾輩の部屋である（２）【期間限定　無料お試し版】 (ゲッサン少年サンデーコミックス)","田岡りき","2018/5/6"
"B009KYAYNU","哲也～雀聖と呼ばれた男～（１） (週刊少年マガジンコミックス)","さいふうめい","2016/7/3"
"B018FR9XIE","善悪の屑(2) (ヤングキングコミックス)","渡邊ダイスケ","2016/6/4"
"B01BD1TIW0","善悪の屑(3) (ヤングキングコミックス)","渡邊ダイスケ","2016/6/4"
"B00UKSCG6I","善悪の屑（１） (ヤングキングコミックス)","渡邊ダイスケ","2016/6/4"
"B00JDYKL3A","喧嘩稼業（１） (ヤングマガジンコミックス)","木多康昭","2016/7/10"
"B009KWUK9U","喰いタン（１） (イブニングコミックス)","寺沢大介","2016/12/3"
"B009KWUKFE","喰いタン（２） (イブニングコミックス)","寺沢大介","2016/12/3"
"B009KWUKF4","喰いタン（３） (イブニングコミックス)","寺沢大介","2016/12/3"
"B07RFV8RSP","図解速習DEEP LEARNING","増田知彰","2019/5/25"
"B01BU0IZJG","土竜の唄外伝～狂蝶の舞～（１）【期間限定　無料お試し版】 (ヤングサンデーコミックス)","高橋のぼる","2016/3/2"
"B01N4752CL","土竜の唄外伝～狂蝶の舞～（２）【期間限定　無料お試し版】 (ヤングサンデーコミックス)","高橋のぼる","2017/1/7"
"B01BU0IZYQ","土竜（モグラ）の唄（４３）【期間限定　無料お試し版】 (ヤングサンデーコミックス)","高橋のぼる","2016/3/2"
"B07TWQSNMR","圧勝（２）【期間限定　無料お試し版】 (裏少年サンデーコミックス)","小虎","2019/7/14"
"B07TYVBF6H","圧勝（３）【期間限定　無料お試し版】 (裏少年サンデーコミックス)","小虎","2019/7/14"
"B01LEH5IZ4","増田こうすけ劇場 ギャグマンガ日和【期間限定無料】 1 (ジャンプコミックスDIGITAL)","増田こうすけ","2016/9/22"
"B01LEH5J44","増田こうすけ劇場 ギャグマンガ日和【期間限定無料】 2 (ジャンプコミックスDIGITAL)","増田こうすけ","2016/9/22"
"B06WVBKPLR","墨攻（ぼっこう）（１）【期間限定　無料お試し版】 (ビッグコミックス)","久保田千太郎","2017/3/10"
"B00A2MCV1C","変ゼミ（１） (モーニングコミックス)","ＴＡＧＲＯ","2016/7/16"
"B00A2MCV26","変ゼミ（２） (モーニングコミックス)","ＴＡＧＲＯ","2017/1/4"
"B00A2MCV62","変ゼミ（３） (モーニングコミックス)","ＴＡＧＲＯ","2017/1/4"
"B07K9SZ179","変女～変な女子高生 甘栗千子～【期間限定無料版】 1 (ジェッツコミックス)","此ノ木よしる","2018/12/9"
"B07K9L2H9D","変女～変な女子高生 甘栗千子～【期間限定無料版】 2 (ジェッツコミックス)","此ノ木よしる","2018/12/9"
"B07K9T5VGD","変女～変な女子高生 甘栗千子～【期間限定無料版】 3 (ジェッツコミックス)","此ノ木よしる","2018/12/9"
"B07K9D18YL","変女～変な女子高生 甘栗千子～【期間限定無料版】 4 (ジェッツコミックス)","此ノ木よしる","2018/12/9"
"B07K9HFDH4","変女～変な女子高生 甘栗千子～【期間限定無料版】 5 (ヤングアニマルコミックス)","此ノ木よしる","2018/12/9"
"B07VTLL44K","夢中さ、きみに。 (ビームコミックス)","和山 やま","2020/4/18"
"B07ZNZDWFQ","大ダーク（１） (ゲッサン少年サンデーコミックス)","林田球","2020/2/11"
"B009KYCMRG","天地明察（１） (アフタヌーンコミックス)","冲方丁","2016/7/23"
"B009KYB60K","天才柳沢教授の生活（１） (モーニングコミックス)","山下和美","2017/1/7"
"B009KYB632","天才柳沢教授の生活（２） (モーニングコミックス)","山下和美","2017/1/7"
"B009KYB65A","天才柳沢教授の生活（３） (モーニングコミックス)","山下和美","2017/1/7"
"B01N1W2XZA","天然コケッコー【期間限定無料】 1 (クイーンズコミックスDIGITAL)","くらもちふさこ","2017/1/15"
"B01N3PE4EI","天間荘の三姉妹 スカイハイ【期間限定無料】 1 (ヤングジャンプコミックスDIGITAL)","高橋ツトム","2016/11/27"
"B07GVD987G","夫のちんぽが入らない（１） (ヤングマガジンコミックス)","こだま","2019/6/10"
"B07N77L5XV","夫のちんぽが入らない（２） (ヤングマガジンコミックス)","こだま","2019/6/10"
"B07X2N212B","夫のちんぽが入らない（３） (ヤングマガジンコミックス)","こだま","2019/9/21"
"B085C7L6YG","夫のちんぽが入らない（４） (ヤングマガジンコミックス)","こだま","2020/3/23"
"B00DLT01PG","失われた時を求めて　─まんがで読破─","プルースト","2018/9/16"
"B00WMD06MA","失恋日記 (FEEL COMICS)","柏木ハルコ","2017/3/9"
"B07XBKZDR5","失踪日記【電子限定特典付き】","吾妻ひでお","2019/10/22"
"B07XB1SZJZ","失踪日記２　アル中病棟【電子限定特典付き】","吾妻ひでお","2019/10/22"
"B01LSSXII8","妄想メガネ【期間限定無料】 1 (ヤングジャンプコミックスDIGITAL)","あずまゆき","2016/10/23"
"B07QCBLBDS","妻、小学生になる。　１巻 (芳文社コミックス)","村田椰融","2020/5/22"
"B085C8KPC7","妻と僕の小規模な育児（１） (コミックＤＡＹＳコミックス)","福満しげゆき","2020/3/28"
"B01M1147YC","妻に恋する６６の方法（１） (イブニングコミックス)","福満しげゆき","2018/6/8"
"B00FGOLYWS","婚カツ！ (デザートコミックス)","瀬戸口みづき","2019/12/8"
"B01N6J33CE","嬢王【期間限定無料】 1 (ヤングジャンプコミックスDIGITAL)","倉科遼","2017/1/15"
"B01N2W5JR0","嬢王【期間限定無料】 2 (ヤングジャンプコミックスDIGITAL)","倉科遼","2017/1/15"
"B00NOGQQXM","子供はわかってあげない（上） (モーニングコミックス)","田島列島","2020/5/19"
"B00NOGQQU0","子供はわかってあげない（下） (モーニングコミックス)","田島列島","2020/5/19"
"B00C6PJ7LU","子育てたんたん（１） (BE・LOVEコミックス)","南国ばなな","2017/1/7"
"B01C2M7AH4","孤高の人【期間限定無料】 1 (ヤングジャンプコミックスDIGITAL)","坂本眞一","2016/3/10"
"B01C2M7AG0","孤高の人【期間限定無料】 2 (ヤングジャンプコミックスDIGITAL)","坂本眞一","2016/3/10"
"B01C2M7AHE","孤高の人【期間限定無料】 3 (ヤングジャンプコミックスDIGITAL)","坂本眞一","2016/3/10"
"B009B1KN4M","学問のすすめ","福沢 諭吉","2017/1/4"
"B00DLSZSFA","学問のすすめ　─まんがで読破─","福沢諭吉","2018/9/15"
"B00PH1CJ0G","学生 島耕作（１） (イブニングコミックス)","弘兼憲史","2016/6/25"
"B01MAY4MU0","学習まんが 日本の歴史 試し読み版 1","集英社","2017/3/20"
"B01F1Q1PDI","宇宙戦艦ティラミス　1巻: バンチコミックス","宮川サトシ","2019/8/4"
"B00DW4ZYBG","宝石の国（１） (アフタヌーンコミックス)","市川春子","2016/7/14"
"B00BYRK60C","実話！性犯罪裁判 1（フルカラー）","ともだ秀和","2016/5/24"
"B00A765SH2","宮本から君へ [完全版] 1","新井 英樹","2016/5/17"
"B00A765SHW","宮本から君へ [完全版] 2","新井 英樹","2016/5/17"
"B00EY13594","家に帰ると妻が必ず死んだふりをしています。3 【リリース記念版　特別書き下ろし4コマ】","K.Kajunsky","2017/4/8"
"B009YDLE0Y","専務 島耕作（１） (モーニングコミックス)","弘兼憲史","2016/7/10"
"B00B2XMR7I","山風短（１） (ヤングマガジンコミックス)","山田風太郎","2016/8/14"
"B00B2XMR96","山風短（２） (ヤングマガジンコミックス)","山田風太郎","2016/8/14"
"B00B2XMRCS","山風短（４） (ヤングマガジンコミックス)","山田風太郎","2016/8/14"
"B01A9LQLD4","岡崎に捧ぐ（２） (コミックス単行本)","山本さほ","2017/3/4"
"B06WVM5YQB","岡崎に捧ぐ（３） (コミックス単行本)","山本さほ","2018/11/13"
"B07BDCZ157","岡崎に捧ぐ（４） (コミックス単行本)","山本さほ","2018/11/13"
"B07JC716D3","岡崎に捧ぐ（５） (コミックス単行本)","山本さほ","2018/11/13"
"B00BHTQFD4","岳（１４） (ビッグコミックス)","石塚真一","2019/7/20"
"B00BHTQFBG","岳（１５） (ビッグコミックス)","石塚真一","2019/7/20"
"B00DQ3BIQ8","岳（１６） (ビッグコミックス)","石塚真一","2019/7/20"
"B00DQ3BJ4O","岳（１７） (ビッグコミックス)","石塚真一","2019/7/20"
"B00DQ3BIR2","岳（１８） (ビッグコミックス)","石塚真一","2019/7/20"
"B01C82FQ1A","岳（３）【期間限定　無料お試し版】 (ビッグコミックス)","石塚真一","2016/3/10"
"B074X698KK","崖際のワルツ　椎名うみ作品集 (アフタヌーンコミックス)","椎名うみ","2019/2/9"
"B06XRSWXCG","帝一の國【期間限定無料】 1 (ジャンプコミックスDIGITAL)","古屋兎丸","2017/4/22"
"B06XRQ9QDK","帝一の國【期間限定無料】 2 (ジャンプコミックスDIGITAL)","古屋兎丸","2017/4/22"
"B06W2JJRP8","常住戦陣！！ムシブギョー（１）【期間限定　無料お試し版】 (少年サンデーコミックス)","福田宏","2017/2/25"
"B009YDLDMS","常務 島耕作（１） (モーニングコミックス)","弘兼憲史","2016/7/10"
"B01LEH5LQU","干物妹！うまるちゃん【期間限定無料】 1 (ヤングジャンプコミックスDIGITAL)","サンカクヘッド","2016/10/4"
"B07LBPTQDR","幸せのひこうき雲 (ヤングマガジンコミックス)","安達哲","2020/1/25"
"B018RXPCRC","幻想ギネコクラシー 1 (楽園コミックス)","沙村広明","2020/5/22"
"B074J13FFP","幻想ギネコクラシー 2 (楽園コミックス)","沙村広明","2020/5/22"
"B01N9BV9AQ","幽麗塔（１）【期間限定　無料お試し版】 (ビッグコミックス)","乃木坂太郎","2017/1/9"
"B01D45KFJI","弁護士のくず（２）【期間限定　無料お試し版】 (ビッグコミックス)","井浦秀夫","2016/4/9"
"B01D45KGD8","弁護士のくず（３）【期間限定　無料お試し版】 (ビッグコミックス)","井浦秀夫","2016/4/9"
"B00OOJFCGK","弘兼憲史画業40周年記念特別試し読みパック","弘兼憲史","2016/3/2"
"B01ANDL85E","弟の夫 ： 2 (アクションコミックス)","田亀源五郎","2019/10/21"
"B01M59KQ52","弟の夫 ： 3 (アクションコミックス)","田亀源五郎","2019/10/21"
"B073S23T4F","弟の夫 ： 4 (アクションコミックス)","田亀源五郎","2019/10/21"
"B076516JJG","彼女、お借りします（１） (週刊少年マガジンコミックス)","宮島礼吏","2019/2/9"
"B07QX3GJBC","彼女と彼氏の明るい未来　1 (ビームコミックス)","谷口 菜津子","2020/3/23"
"B0856WKC2Z","彼女と彼氏の明るい未来　2 (ビームコミックス)","谷口 菜津子","2020/3/23"
"B07BW12HTJ","彼女のやりかた (トーチコミックス)","田所コウ","2018/11/13"
"B012Z97AKQ","彼女はろくろ首（１） (週刊少年マガジンコミックス)","二駅ずい","2016/7/14"
"B00QETQTXI","彼岸島　４８日後…（１） 彼岸島４８日後… (ヤングマガジンコミックス)","松本光司","2016/10/1"
"B009KYBFXS","彼岸島（１） (ヤングマガジンコミックス)","松本光司","2016/9/21"
"B009KYBFYC","彼岸島（２） (ヤングマガジンコミックス)","松本光司","2016/9/21"
"B009KYBFZ6","彼岸島（３） (ヤングマガジンコミックス)","松本光司","2016/9/21"
"B00SUFYM2E","後遺症ラジオ（１） (シリウスコミックス)","中山昌亮","2016/8/11"
"B0761J1YWB","忍ぶな！ チヨちゃん 1巻 (HARTA COMIX)","設楽 清人","2020/1/5"
"B06Y1JPVBL","忘却のサチコ（１）【期間限定　無料お試し版】 (ビッグコミックス)","阿部潤","2017/4/22"
"B06Y13SDFT","忘却のサチコ（２）【期間限定　無料お試し版】 (ビッグコミックス)","阿部潤","2017/4/22"
"B0794YBWXF","快楽ヒストリエ (ワニマガジンコミックス)","火鳥","2018/11/24"
"B07M5C25X5","快楽ヒストリエ2 (ワニマガジンコミックス)","火鳥","2018/12/23"
"B00S1L4H2W","思考は現実化する＿アクション・マニュアルつき","ナポレオン・ヒル","2019/3/15"
"B00LIUMVB2","怪談イズデッド（１） (アフタヌーンコミックス)","飯島しんごう","2016/10/8"
"B00UV9VIVU","恋は雨上がりのように（１） (ビッグコミックス)","眉月じゅん","2015/10/10"
"B00YECK4YC","恋は雨上がりのように（２） (ビッグコミックス)","眉月じゅん","2015/10/10"
"B015W2KS16","恋は雨上がりのように（３） (ビッグコミックス)","眉月じゅん","2015/10/10"
"B01A9WNYHE","恋は雨上がりのように（４） (ビッグコミックス)","眉月じゅん","2016/2/16"
"B01GREDFWC","恋は雨上がりのように（５） (ビッグコミックス)","眉月じゅん","2016/6/11"
"B01LZ1I87U","恋は雨上がりのように（６） (ビッグコミックス)","眉月じゅん","2016/10/29"
"B06X9NX1HB","恋は雨上がりのように（７） (ビッグコミックス)","眉月じゅん","2017/3/10"
"B07Q3BYPFC","恋煮込み愛つゆだく大盛り (ビームコミックス)","にくまん子","2019/4/16"
"B01B41YIQK","恥をかくのが死ぬほど怖いんだ。","サレンダー橋本","2019/9/18"
"B00AIKXQLM","悪の教典（１） (アフタヌーンコミックス)","貴志祐介","2016/4/16"
"B00IB6VVBM","悪の華(1)","柳沢きみお","2017/4/8"
"B01G1DV07Q","惰性67パーセント 2 (ヤングジャンプコミックスDIGITAL)","紙魚丸","2020/1/19"
"B06ZZ4BXTP","惰性67パーセント 3 (ヤングジャンプコミックスDIGITAL)","紙魚丸","2020/1/19"
"B07BK56YJ1","惰性67パーセント 4 (ヤングジャンプコミックスDIGITAL)","紙魚丸","2020/1/19"
"B07MX6Y7BX","惰性67パーセント 5 (ヤングジャンプコミックスDIGITAL)","紙魚丸","2020/1/19"
"B0833SZXV9","惰性67パーセント 6 (ヤングジャンプコミックスDIGITAL)","紙魚丸","2020/1/19"
"B01KJGD5S8","憂鬱くんとサキュバスさん 1 (ヤングジャンプコミックスDIGITAL)","さかめがね","2020/2/9"
"B07796Z3P9","我らコンタクティ (アフタヌーンコミックス)","森田るい","2019/2/18"
"B00C9QK3JQ","我妻さんは俺のヨメ（１） (週刊少年マガジンコミックス)","蔵石ユウ","2016/7/16"
"B015QZP3JQ","戦渦のカノジョ（１） (ヤングマガジンコミックス)","冨澤浩気","2016/11/18"
"B01NCL3LF6","探さないでください","中川 学","2018/11/13"
"B00L0QZ6GG","攻殻機動隊（１） (ヤングマガジンコミックス)","士郎正宗","2018/10/7"
"B00D8SV6K4","攻殻機動隊Ｓ．Ａ．Ｃ．　タチコマなヒビ（１） (ヤングマガジンコミックス)","山本マサユキ","2016/9/17"
"B076HHRTCV","放課後ていぼう日誌　１ (ヤングチャンピオン烈コミックス)","小坂泰之","2020/5/22"
"B07B3S518F","放課後の拷問少女（１） (マガジンポケットコミックス)","ＢＯＫＵ","2019/2/12"
"B01M0LCWDL","斬り介とジョニー四百九十九人斬り (アフタヌーンコミックス)","榎本俊二","2020/3/23"
"B01H6NN0B4","新ジャングルの王者ターちゃん【期間限定無料】 1 (ジャンプコミックスDIGITAL)","徳弘正也","2016/7/10"
"B00P27J7A0","新世紀エヴァンゲリオン(14) (角川コミックス・エース)","貞本 義行","2015/11/22"
"B009KYBWP4","新宿スワン（１） (ヤングマガジンコミックス)","和久井健","2016/8/28"
"B009KYBWPE","新宿スワン（２） (ヤングマガジンコミックス)","和久井健","2016/8/28"
"B009KYBWTA","新宿スワン（３） (ヤングマガジンコミックス)","和久井健","2016/8/28"
"B011NAJ3PS","新装版　凍りの掌　シベリア抑留記　分冊版（１） (BE・LOVEコミックス)","おざわゆき","2016/4/9"
"B00W4OJSEO","新装版　ＢＬＡＭＥ！（１） (アフタヌーンコミックス)","弐瓶勉","2016/8/11"
"B011K26XT8","方舟","しりあがり寿","2019/9/28"
"B07KS17ZWK","日経マネー 2019年1月号 [雑誌]","日経マネー","2018/11/26"
"B06X6GJC7M","日露戦争物語（１）【期間限定　無料お試し版】 (ビッグコミックス)","江川達也","2017/3/12"
"B00DLT06E2","旧約聖書　─まんがで読破─","バラエティ・アートワークス","2018/9/7"
"B07FQ1CTHL","明日クビになりそう　１ (ヤングチャンピオン・コミックス)","サレンダー橋本","2019/9/9"
"B01N11SMHQ","映像研には手を出すな！（１） (ビッグコミックス)","大童澄瞳","2019/6/23"
"B075GHFMVS","映像研には手を出すな！（２） (ビッグコミックス)","大童澄瞳","2019/6/23"
"B07D9H28P4","映像研には手を出すな！（３） (ビッグコミックス)","大童澄瞳","2019/6/23"
"B07R5WLQFV","映像研には手を出すな！（４） (ビッグコミックス)","大童澄瞳","2020/2/24"
"B01N1050ZV","春と盆暗 (アフタヌーンコミックス)","熊倉献","2019/5/16"
"B01H6NN0AK","昭和不老不死伝説 バンパイア【期間限定無料】 1 (ヤングジャンプコミックスDIGITAL)","徳弘正也","2016/7/3"
"B009KYCT24","昭和元禄落語心中（１） (ＩＴＡＮコミックス)","雲田はるこ","2016/2/20"
"B009KYCT6K","昭和元禄落語心中（２） (ＩＴＡＮコミックス)","雲田はるこ","2016/9/15"
"B07Q5STQHY","最後の秘境 東京藝大 天才たちのカオスな日常　1巻: バンチコミックス","二宮敦人","2020/6/14"
"B07Z91LH7Y","最後の秘境　東京藝大―天才たちのカオスな日常―　2巻: バンチコミックス 最後の秘境 東京藝大 天才たちのカオスな日常","二宮敦人","2020/6/14"
"B01MSIWSO3","最近この世界は私だけのモノになりました……【期間限定無料】 1 (ヤングジャンプコミックスDIGITAL)","唯登詩樹","2016/11/23"
"B00TWWVV00","服なんて、どうでもいいと思ってた。 1 (MFコミックス　フラッパーシリーズ)","青木Ｕ平","2017/2/4"
"B0129KS53C","服なんて、どうでもいいと思ってた。 2 (MFコミックス　フラッパーシリーズ)","青木Ｕ平","2017/2/4"
"B018VPO9PW","服なんて、どうでもいいと思ってた。 3 (MFコミックス　フラッパーシリーズ)","青木Ｕ平","2017/2/4"
"B01M4K75GN","期間限定！お試し特別版　夜行","森見登美彦","2017/1/7"
"B00UN48X98","本当にあった笑える話【無料連載版】","桜木 さゆみ","2017/4/8"
"B01CJ922DC","東京喰種トーキョーグール リマスター版【期間限定無料】 1 (ヤングジャンプコミックスDIGITAL)","石田スイ","2016/3/23"
"B01CJ922DW","東京喰種トーキョーグール リマスター版【期間限定無料】 2 (ヤングジャンプコミックスDIGITAL)","石田スイ","2016/3/23"
"B01CJ922F0","東京喰種トーキョーグール:re【期間限定無料】 1 (ヤングジャンプコミックスDIGITAL)","石田スイ","2016/3/23"
"B07LFXXPNZ","株とPython─自作プログラムでお金儲けを目指す本 (技術の泉シリーズ（NextPublishing）)","宮部 保雄","2020/4/14"
"B01LWTQA25","桐谷さん ちょっそれ食うんすか！？ ： 1 (アクションコミックス)","ぽんとごたんだ","2020/6/16"
"B07KVTVZ1Q","森薫拾遺集 (HARTA COMIX)","森 薫","2020/2/2"
"B00JGJ5X1C","極厚 特命係長 只野仁 ルーキー編（１） (ヤングマガジンコミックス)","柳沢きみお","2016/9/17"
"B009KYCK9Q","極悪がんぼ（１） (イブニングコミックス)","田島隆","2017/1/15"
"B009KYCK8W","極悪がんぼ（２） (イブニングコミックス)","田島隆","2017/1/15"
"B009KYCKCS","極悪がんぼ（３） (イブニングコミックス)","田島隆","2017/1/15"
"B07T7M1XBS","機械学習のための「前処理」入門","足立悠","2019/9/6"
"B07K2PFKDV","欅のまんが棚 (HARTA COMIX)","大槻 一翔","2020/5/19"
"B078NMHJ48","欅姉妹の四季 １巻 (HARTA COMIX)","大槻 一翔","2020/5/19"
"B07K2NDHW5","欅姉妹の四季 ２巻 (HARTA COMIX)","大槻 一翔","2020/5/19"
"B07X7TS15H","欅姉妹の四季 ３巻 (HARTA COMIX)","大槻 一翔","2020/5/19"
"B009IY5V5I","正義と微笑","太宰 治","2019/7/13"
"B06WGLB4SP","残響（１）【期間限定　無料お試し版】 (ビッグコミックススペシャル)","高橋ツトム","2017/2/25"
"B06XXG5J2H","殴るぞ（１）【期間限定　無料お試し版】 (ビッグコミックススペシャル)","吉田戦車","2017/4/22"
"B01LYYLBGZ","殺し屋１（イチ）１","山本英夫","2018/10/7"
"B01M1K2Y3N","殺し屋１（イチ）２","山本英夫","2018/10/7"
"B01M0L60P5","殺し屋１（イチ）３","山本英夫","2018/10/7"
"B01M1UXZ5O","殺し屋１（イチ）４","山本英夫","2018/10/7"
"B01M1KAY0N","殺し屋１（イチ）５","山本英夫","2018/10/7"
"B07R3BKVGG","水は海に向かって流れる（１） (週刊少年マガジンコミックス)","田島列島","2020/5/19"
"B00XKM6TGY","波よ聞いてくれ（１） (アフタヌーンコミックス)","沙村広明","2015/10/13"
"B01BM66WP2","波よ聞いてくれ（２） (アフタヌーンコミックス)","沙村広明","2016/2/23"
"B01MXJ8HHH","波よ聞いてくれ（３） (アフタヌーンコミックス)","沙村広明","2016/11/22"
"B075GCH5ND","波よ聞いてくれ（４） (アフタヌーンコミックス)","沙村広明","2017/9/23"
"B07FCKFQ2W","波よ聞いてくれ（５） (アフタヌーンコミックス)","沙村広明","2018/7/23"
"B07PLTB9RV","波よ聞いてくれ（６） (アフタヌーンコミックス)","沙村広明","2019/3/23"
"B082PMTHSB","波よ聞いてくれ（７） (アフタヌーンコミックス)","沙村広明","2019/12/29"
"B00BUL5NFA","波打際のむろみさん（１） (週刊少年マガジンコミックス)","名島啓二","2016/10/8"
"B009KYBU5Q","海月姫（１） (Ｋｉｓｓコミックス)","東村アキコ","2016/5/17"
"B01C8J2GPM","深夜食堂（１）【期間限定　無料お試し版】 (ビッグコミックススペシャル)","安倍夜郎","2016/3/10"
"B01C8J2GTI","深夜食堂（２）【期間限定　無料お試し版】 (ビッグコミックススペシャル)","安倍夜郎","2016/3/10"
"B01C8J2GX4","深夜食堂（３）【期間限定　無料お試し版】 (ビッグコミックススペシャル)","安倍夜郎","2016/3/10"
"B07CM2HJ7Y","湯神くんには友達がいない（１）【期間限定　無料お試し版】 (少年サンデーコミックス)","佐倉準","2018/5/6"
"B01EWV8VQC","滅日 (上) (ぶんか社コミックス)","たがみよしひさ","2016/8/14"
"B00KKD7XSE","漫画貧乏","佐藤秀峰","2015/11/19"
"B00A2MD120","激昂がんぼ（１） (イブニングコミックス)","田島隆","2017/1/15"
"B00A2MD13E","激昂がんぼ（２） (イブニングコミックス)","田島隆","2017/1/15"
"B07HGS9TWJ","無慈悲な8bit（1） (コミッククリア編集部)","山本さほ","2018/11/13"
"B009KYBHZY","無限の住人（１） (アフタヌーンコミックス)","沙村広明","2016/9/15"
"B009KYBHZ4","無限の住人（２） (アフタヌーンコミックス)","沙村広明","2016/9/16"
"B009KYBI62","無限の住人（３） (アフタヌーンコミックス)","沙村広明","2016/9/15"
"B00SUMOD62","爆球連発!!スーパービーダマン2巻","今賀俊","2018/10/7"
"B00SUMOCGS","爆球連発!!スーパービーダマン3巻","今賀俊","2018/10/7"
"B00SUMNYBC","爆球連発!!スーパービーダマン4巻","今賀俊","2018/10/7"
"B00SUMO1A0","爆球連発!!スーパービーダマン5巻","今賀俊","2018/10/7"
"B00SUMO3YY","爆球連発!!スーパービーダマン6巻","今賀俊","2018/10/7"
"B00SUMNWD2","爆球連発!!スーパービーダマン7巻","今賀俊","2018/10/7"
"B00SUMO7QS","爆球連発!!スーパービーダマン8巻","今賀俊","2018/10/7"
"B009KYBDZI","特上カバチ！！　－カバチタレ！２－（１） (モーニングコミックス)","田島隆","2016/7/23"
"B00DBL01W2","特攻の島２","佐藤秀峰","2016/2/23"
"B00DBL020I","特攻の島３","佐藤秀峰","2016/2/23"
"B00DBL01YU","特攻の島４","佐藤秀峰","2016/2/23"
"B00DBL021M","特攻の島５","佐藤秀峰","2016/2/23"
"B00HK40TH8","特攻の島６","佐藤秀峰","2016/2/23"
"B00NGNEGVM","特攻の島７","佐藤秀峰","2016/2/23"
"B017KA0HE6","特攻の島８","佐藤秀峰","2016/2/23"
"B01GVGRRXY","狂四郎2030 10 (ヤングジャンプコミックスDIGITAL)","徳弘正也","2016/7/3"
"B01GVGRT2S","狂四郎2030 11 (ヤングジャンプコミックスDIGITAL)","徳弘正也","2016/7/3"
"B01GVGRVYY","狂四郎2030 12 (ヤングジャンプコミックスDIGITAL)","徳弘正也","2016/7/3"
"B01GVGRW66","狂四郎2030 13 (ヤングジャンプコミックスDIGITAL)","徳弘正也","2016/7/3"
"B01GVGRWIY","狂四郎2030 14 (ヤングジャンプコミックスDIGITAL)","徳弘正也","2016/7/3"
"B01GVGRWKM","狂四郎2030 15 (ヤングジャンプコミックスDIGITAL)","徳弘正也","2016/7/3"
"B01GVGRWUC","狂四郎2030 16 (ヤングジャンプコミックスDIGITAL)","徳弘正也","2016/7/3"
"B01GVGRWYI","狂四郎2030 17 (ヤングジャンプコミックスDIGITAL)","徳弘正也","2016/7/3"
"B01GVGRWZC","狂四郎2030 18 (ヤングジャンプコミックスDIGITAL)","徳弘正也","2016/7/3"
"B01GVGRXBK","狂四郎2030 19 (ヤングジャンプコミックスDIGITAL)","徳弘正也","2016/7/3"
"B01GVGRX88","狂四郎2030 20 (ヤングジャンプコミックスDIGITAL)","徳弘正也","2016/7/3"
"B01GVGRPKO","狂四郎2030 4 (ヤングジャンプコミックスDIGITAL)","徳弘正也","2016/7/3"
"B01GVGRVOE","狂四郎2030 5 (ヤングジャンプコミックスDIGITAL)","徳弘正也","2016/7/3"
"B01GVGRQ8K","狂四郎2030 6 (ヤングジャンプコミックスDIGITAL)","徳弘正也","2016/7/3"
"B01GVGRQF8","狂四郎2030 7 (ヤングジャンプコミックスDIGITAL)","徳弘正也","2016/7/3"
"B01GVGRQRG","狂四郎2030 8 (ヤングジャンプコミックスDIGITAL)","徳弘正也","2016/7/3"
"B01GVGRRD4","狂四郎2030 9 (ヤングジャンプコミックスDIGITAL)","徳弘正也","2016/7/3"
"B01H6NN0BO","狂四郎2030【期間限定無料】 1 (ヤングジャンプコミックスDIGITAL)","徳弘正也","2016/7/3"
"B01H6NN0IC","狂四郎2030【期間限定無料】 2 (ヤングジャンプコミックスDIGITAL)","徳弘正也","2016/7/3"
"B01H6NN0CS","狂四郎2030【期間限定無料】 3 (ヤングジャンプコミックスDIGITAL)","徳弘正也","2016/7/3"
"B0097286GW","狼の口 ヴォルフスムント 1巻 (HARTA COMIX)","久慈 光久","2015/10/1"
"B0097286B2","狼の口 ヴォルフスムント 2巻 (HARTA COMIX)","久慈 光久","2015/10/1"
"B00AJI6DM2","狼の口 ヴォルフスムント 3巻 (HARTA COMIX)","久慈 光久","2015/10/1"
"B00AJI6DL8","狼の口 ヴォルフスムント 4巻 (HARTA COMIX)","久慈 光久","2015/10/1"
"B00GD4GNPS","狼の口 ヴォルフスムント 5巻 (HARTA COMIX)","久慈 光久","2015/10/1"
"B00OCF5UJA","狼の口 ヴォルフスムント 6巻 (HARTA COMIX)","久慈 光久","2015/10/1"
"B017QP1F5A","狼の口 ヴォルフスムント 7巻 (HARTA COMIX)","久慈 光久","2015/11/19"
"B01MQG6O6O","狼の口 ヴォルフスムント 8巻 (HARTA COMIX)","久慈 光久","2016/11/15"
"B07HYVNBDQ","猫のお寺の知恩さん（１）【期間限定　無料お試し版】 (ビッグコミックス)","オジロマコト","2018/10/7"
"B01M9K3LLE","猫ヶ原　分冊版（１）　猫、太刀振るまい鈴が鳴る (少年マガジンエッジコミックス)","武井宏之","2016/11/23"
"B073XGGM2F","王ドロボウＪＩＮＧ新装版（４） (コミックボンボンコミックス)","熊倉裕一","2020/5/6"
"B073XG4G5W","王ドロボウＪＩＮＧ新装版（５） (コミックボンボンコミックス)","熊倉裕一","2020/5/6"
"B073XGHVQW","王ドロボウＪＩＮＧ新装版（６） (コミックボンボンコミックス)","熊倉裕一","2018/7/5"
"B073XGGVJP","王ドロボウＪＩＮＧ新装版（７） (コミックボンボンコミックス)","熊倉裕一","2018/7/5"
"B07PM36JDZ","王様ランキング　1巻","十日草輔","2019/6/22"
"B07PM4JF2W","王様ランキング　2巻","十日草輔","2019/6/22"
"B07R8HGSHG","王様ランキング　3巻","十日草輔","2019/6/22"
"B00ESD51K4","甘々と稲妻（１） (アフタヌーンコミックス)","雨隠ギド","2016/7/10"
"B01LSSXIDI","甘い生活 2nd season【期間限定無料】 1 (ヤングジャンプコミックスDIGITAL)","弓月光","2016/10/20"
"B01DKGZ8Q6","生活【完全版】（分冊版）（１） (モーニングコミックス)","福満しげゆき","2016/5/3"
"B07Q3P993S","甲冑武闘 (HARTA COMIX)","久慈 光久","2019/4/15"
"B07K84PQJN","異世界おじさん　１ (MFC)","殆ど死んでいる","2018/12/3"
"B07QJ399VV","異世界おじさん　２ (MFC)","殆ど死んでいる","2019/4/22"
"B07YP7SNMK","異世界おじさん　３ (MFC)","殆ど死んでいる","2019/10/21"
"B086WSF6QZ","異世界おじさん　４ (MFC)","殆ど死んでいる","2020/4/23"
"B07S6NQKLB","異世界ソープランド輝夜 1","猪熊しのぶ","2019/7/14"
"B0779NTCV2","異世界迷宮でハーレムを(1) (角川コミックス・エース)","氷樹 一世","2019/4/28"
"B07C5M1NLY","異世界迷宮でハーレムを(2) (角川コミックス・エース)","氷樹 一世","2019/4/28"
"B07JCPDDND","異世界迷宮でハーレムを(3) (角川コミックス・エース)","氷樹 一世","2019/4/28"
"B07QL5MWPG","異世界迷宮でハーレムを(4) (角川コミックス・エース)","氷樹 一世","2019/4/28"
"B083NCYZ3X","異世界迷宮でハーレムを(5) (角川コミックス・エース)","氷樹 一世","2020/1/30"
"B07KRV1FV4","異種族レビュアーズ　2 (ドラゴンコミックスエイジ)","masha","2018/12/9"
"B07TFC9WD5","異種族レビュアーズ　3 (ドラゴンコミックスエイジ)","masha","2019/7/11"
"B082VQQW4J","異種族レビュアーズ　4 (ドラゴンコミックスエイジ)","masha","2020/1/9"
"B082VR17X3","異種族レビュアーズコミックアンソロジー　～ダークネス～ (ドラゴンコミックスエイジ)","ドラゴンエイジ編集部","2020/1/20"
"B00PI1BE4W","白馬のお嫁さん（１） (アフタヌーンコミックス)","庄司創","2017/3/20"
"B01D399PV4","百姓貴族（１）【期間限定 無料お試し版】 (ウィングス・コミックス)","荒川弘","2016/3/31"
"B00CELS8QQ","百舌谷さん逆上する（１） (アフタヌーンコミックス)","篠房六郎","2017/4/8"
"B00BB1ZTBM","監獄学園（１） (ヤングマガジンコミックス)","平本アキラ","2016/7/31"
"B00BB1ZTDK","監獄学園（２） (ヤングマガジンコミックス)","平本アキラ","2016/7/31"
"B00BB1ZTF8","監獄学園（３） (ヤングマガジンコミックス)","平本アキラ","2016/7/31"
"B07GZNB7F5","目玉焼きの黄身 いつつぶす? 1【期間限定 無料お試し版】 (ビームコミックス)","おおひなた ごう","2018/10/7"
"B07KVYK2VL","目黒さんは初めてじゃない　分冊版（１） (パルシィコミックス)","９℃","2019/7/14"
"B07KW4HTY9","目黒さんは初めてじゃない　分冊版（２） (パルシィコミックス)","９℃","2019/7/14"
"B01MT0OXNW","真説ボボボーボ・ボーボボ【期間限定無料】 1 (ジャンプコミックスDIGITAL)","澤井啓夫","2017/1/7"
"B01NAKSLXE","磯部磯兵衛物語～浮世はつらいよ～【期間限定無料】 1 (ジャンプコミックスDIGITAL)","仲間りょう","2017/1/7"
"B083LC5WHF","社畜サキュバスの話 (MFC)","ゲンツキ","2020/2/9"
"B009KYC1EU","社長 島耕作（１） (モーニングコミックス)","弘兼憲史","2016/3/31"
"B00WMKOVTW","神々の山嶺 1 (ヤングジャンプコミックスDIGITAL)","夢枕獏","2019/7/20"
"B00WMKOVZG","神々の山嶺 2 (ヤングジャンプコミックスDIGITAL)","夢枕獏","2019/7/20"
"B00WMKOVSS","神々の山嶺 3 (ヤングジャンプコミックスDIGITAL)","夢枕獏","2019/7/20"
"B00WMKOVV0","神々の山嶺 4 (ヤングジャンプコミックスDIGITAL)","夢枕獏","2019/7/20"
"B00WMKOVRO","神々の山嶺 5 (ヤングジャンプコミックスDIGITAL)","夢枕獏","2019/7/20"
"B01C2M7AGA","神々の山嶺【期間限定無料】 1 (ヤングジャンプコミックスDIGITAL)","夢枕獏","2016/3/10"
"B076RLYYYV","科学的に存在しうるクリーチャー娘の観察日誌　１ (チャンピオンREDコミックス)","ＫＡＫＥＲＵ","2019/4/28"
"B07BGXYGFN","科学的に存在しうるクリーチャー娘の観察日誌　２ (チャンピオンREDコミックス)","ＫＡＫＥＲＵ","2019/4/28"
"B07K2WBJPT","科学的に存在しうるクリーチャー娘の観察日誌　３ (チャンピオンREDコミックス)","ＫＡＫＥＲＵ","2019/4/28"
"B07Q9QR1J8","科学的に存在しうるクリーチャー娘の観察日誌　４ (チャンピオンREDコミックス)","ＫＡＫＥＲＵ","2019/4/28"
"B071KK8GKR","空気人形と妹 1 (ヤングジャンプコミックスDIGITAL)","たみふる","2019/3/4"
"B076HNFF58","空気人形と妹 2 (ヤングジャンプコミックスDIGITAL)","たみふる","2019/3/4"
"B07BGTP9VC","笑いのカイブツ (少年チャンピオンコミックス・タップ！)","史群アル仙","2019/8/5"
"B06XW3B4L7","笑ゥせぇるすまん（１）【期間限定　無料お試し版】 (藤子不二雄（A）デジタルセレクション)","藤子不二雄(A)","2017/4/22"
"B00HUIL5OA","累（１） (イブニングコミックス)","松浦だるま","2017/1/4"
"B00H79L2AE","結婚しないと思ってた　オタクがDQNな恋をした！ (チャンピオンREDコミックス)","カラスヤサトシ","2019/6/22"
"B06WP59CMR","編集王（３）【期間限定　無料お試し版】 (ビッグコミックス)","土田世紀","2017/3/9"
"B011BAO666","繋がる個体（１） (モーニングコミックス)","山本中学","2016/2/9"
"B011BAO6NO","繋がる個体（２） (モーニングコミックス)","山本中学","2016/2/9"
"B0194L1YS2","繋がる個体（３） (モーニングコミックス)","山本中学","2016/2/9"
"B00D4TRHRI","羊の木（１） (イブニングコミックス)","山上たつひこ","2016/9/26"
"B01N1I0NRV","美味しんぼ（１）【期間限定　無料お試し版】 (ビッグコミックス)","花咲アキラ","2016/12/11"
"B00HJYUJ9C","聲の形（１） (週刊少年マガジンコミックス)","大今良時","2016/1/29"
"B00HQDEH8A","聲の形（２） (週刊少年マガジンコミックス)","大今良時","2016/1/29"
"B00IZ2V2SE","聲の形（３） (週刊少年マガジンコミックス)","大今良時","2016/1/29"
"B00KWTLTUY","聲の形（４） (週刊少年マガジンコミックス)","大今良時","2016/1/29"
"B00MGS8BV4","聲の形（５） (週刊少年マガジンコミックス)","大今良時","2016/1/29"
"B00OB7MCTK","聲の形（６） (週刊少年マガジンコミックス)","大今良時","2016/1/29"
"B00QSJTMDS","聲の形（７） (週刊少年マガジンコミックス)","大今良時","2016/1/29"
"B013DZ3NVQ","臆病の穴　１ (少年チャンピオンコミックス・タップ！)","史群アル仙","2018/4/21"
"B00AF5PK2I","臨死！！　江古田ちゃん（１） (アフタヌーンコミックス)","瀧波ユカリ","2016/6/4"
"B01N645OB1","自分の頭で考えて動く部下の育て方　上司１年生の教科書","篠原信","2020/3/27"
"B073TTVXF7","花さか天使テンテンくん【期間限定無料】 1 (ジャンプコミックスDIGITAL)","小栗かずまた","2017/7/27"
"B073TV7XCR","花さか天使テンテンくん【期間限定無料】 2 (ジャンプコミックスDIGITAL)","小栗かずまた","2017/7/27"
"B073TV6RZ6","花さか天使テンテンくん【期間限定無料】 3 (ジャンプコミックスDIGITAL)","小栗かずまた","2017/7/27"
"B00YV447N2","花の慶次 ―雲のかなたに―  １巻","隆慶一郎","2020/6/15"
"B01BWMJD66","花男（１）【期間限定　無料お試し版】 (ビッグコミックス)","松本大洋","2016/3/10"
"B00DLSZK8A","蟹工船　─まんがで読破─","小林多喜二","2018/9/7"
"B016O008HO","衛府の七忍　１ (チャンピオンREDコミックス)","山口貴由","2019/12/30"
"B01FJG0V0I","衛府の七忍　２ (チャンピオンREDコミックス)","山口貴由","2019/12/30"
"B01N5D3H95","衛府の七忍　３ (チャンピオンREDコミックス)","山口貴由","2019/12/30"
"B00D6D11V0","覚悟のススメ（10） (少年チャンピオン・コミックス)","山口貴由","2019/12/22"
"B00D6D1200","覚悟のススメ（11） (少年チャンピオン・コミックス)","山口貴由","2019/12/22"
"B00D6D10HK","覚悟のススメ（１） (少年チャンピオン・コミックス)","山口貴由","2019/12/21"
"B00D6D10L6","覚悟のススメ（２） (少年チャンピオン・コミックス)","山口貴由","2019/12/21"
"B00D6D10KM","覚悟のススメ（３） (少年チャンピオン・コミックス)","山口貴由","2019/12/21"
"B00D6D118I","覚悟のススメ（４） (少年チャンピオン・コミックス)","山口貴由","2019/12/21"
"B00D6D10VQ","覚悟のススメ（５） (少年チャンピオン・コミックス)","山口貴由","2019/12/21"
"B00D6D10ZW","覚悟のススメ（６） (少年チャンピオン・コミックス)","山口貴由","2019/12/22"
"B00D6D11JC","覚悟のススメ（７） (少年チャンピオン・コミックス)","山口貴由","2019/12/22"
"B00D6D11L0","覚悟のススメ（８） (少年チャンピオン・コミックス)","山口貴由","2019/12/22"
"B00D6D11SS","覚悟のススメ（９） (少年チャンピオン・コミックス)","山口貴由","2019/12/22"
"B009KWUHDY","課長 島耕作（１） (モーニングコミックス)","弘兼憲史","2016/3/31"
"B009KWUHMK","課長 島耕作（２） (モーニングコミックス)","弘兼憲史","2017/1/15"
"B009KWUHNO","課長 島耕作（３） (モーニングコミックス)","弘兼憲史","2017/1/15"
"B074VP9HJY","貞操逆転世界1 (ヴァルキリーコミックス)","万太郎","2018/12/3"
"B07VBNLCTM","貞操逆転世界2 (ヴァルキリーコミックス)","万太郎","2019/9/5"
"B01CDXVPS2","貼ったらヤレちゃう!?えろシール～ワガママJKのアソコをたった1枚で奴隷に～(1) (ジューシーラブ)","丸居まる","2017/2/11"
"B00DLSZPU8","資本論　─まんがで読破─","マルクス","2018/9/7"
"B009YDLEU4","路地恋花（１） (アフタヌーンコミックス)","麻生みこと","2016/7/23"
"B017TYYQU4","転生したらスライムだった件（１） (シリウスコミックス)","川上泰樹","2018/10/7"
"B01H6NN0BE","近未来不老不死伝説 バンパイア【期間限定無料】 1 (ヤングジャンプコミックスDIGITAL)","徳弘正也","2016/7/10"
"B0713W6QT1","迷宮ブラックカンパニー 1巻 (ブレイドコミックス)","安村洋平","2019/5/16"
"B00GWVP77W","逃げるは恥だが役に立つ（１） (Ｋｉｓｓコミックス)","海野つなみ","2016/10/20"
"B07TTH5YF6","進撃の巨人（２９） (週刊少年マガジンコミックス)","諫山創","2019/9/17"
"B01DT1TWSM","遊☆戯☆王 カラー版【期間限定無料】 1 (ジャンプコミックスDIGITAL)","高橋和希","2016/5/2"
"B01DT1TWS2","遊☆戯☆王 カラー版【期間限定無料】 10 (ジャンプコミックスDIGITAL)","高橋和希","2016/5/2"
"B01DT1TWSW","遊☆戯☆王 カラー版【期間限定無料】 19 (ジャンプコミックスDIGITAL)","高橋和希","2016/5/2"
"B01DT1TWT6","遊☆戯☆王 カラー版【期間限定無料】 5 (ジャンプコミックスDIGITAL)","高橋和希","2016/5/2"
"B01N1UKLG8","遊☆戯☆王 モノクロ版【期間限定無料】 2 (ジャンプコミックスDIGITAL)","高橋和希","2017/1/7"
"B01MZ20MTY","遊☆戯☆王 モノクロ版【期間限定無料】 3 (ジャンプコミックスDIGITAL)","高橋和希","2017/1/7"
"B073W69YM8","遊☆戯☆王 モノクロ版【期間限定無料】 4 (ジャンプコミックスDIGITAL)","高橋和希","2017/7/27"
"B01DT1TWR8","遊☆戯☆王5D's【期間限定無料】 1 (ジャンプコミックスDIGITAL)","彦久保雅博","2016/5/7"
"B01DT1TWTQ","遊☆戯☆王R【期間限定無料】 1 (ジャンプコミックスDIGITAL)","高橋和希","2016/5/2"
"B00D3CG880","邪眼は月輪に飛ぶ (ビッグコミックス)","藤田和日郎","2018/10/13"
"B00A2MD788","部長 島耕作（１） (モーニングコミックス)","弘兼憲史","2016/3/31"
"B01DKFUPDS","重版出来！（１）【期間限定　無料お試し版】 (ビッグコミックス)","松田奈緒子","2016/4/16"
"B009SNA42O","野田ともうします。（１） (Ｋｉｓｓコミックス)","柘植文","2016/5/30"
"B01AJHAPA8","銀座からまる百貨店お客様相談室（１） (モーニングコミックス)","鈴木マサカズ","2017/3/10"
"B018QCSYKG","銀行渉外担当　竹中治夫　～『金融腐蝕列島』より～（１） (週刊現代コミックス)","こしのりょう","2016/9/26"
"B077RX6X8H","銀魂 モノクロ版【期間限定無料】 70 (ジャンプコミックスDIGITAL)","空知英秋","2017/12/17"
"B00HK700AQ","銃夢（１）","木城ゆきと","2016/1/2"
"B009KGNPIO","銭ゲバ（上） (幻冬舎文庫)","ジョージ秋山","2016/9/17"
"B009KGNPHU","銭ゲバ（下） (幻冬舎文庫)","ジョージ秋山","2016/9/17"
"B00J4KDEBO","鎧光赫赫 (HARTA COMIX)","久慈 光久","2016/11/1"
"B01N9J83IU","阿呆鳥の唄【期間限定無料】 1 (ヤングジャンプコミックスDIGITAL)","高橋のぼる","2017/1/7"
"B0721P9FJY","雪花の虎（１）【期間限定　無料お試し版】 (ビッグコミックス)","東村アキコ","2017/7/27"
"B01N2SZIFX","電波の城（１）【期間限定　無料お試し版】 (ビッグコミックス)","細野不二彦","2017/1/9"
"B01MTZPNSL","電波の城（２）【期間限定　無料お試し版】 (ビッグコミックス)","細野不二彦","2017/1/9"
"B01MYYTFGX","電波の城（３）【期間限定　無料お試し版】 (ビッグコミックス)","細野不二彦","2017/1/7"
"B072QV686T","青野くんに触りたいから死にたい（１） (アフタヌーンコミックス)","椎名うみ","2019/2/9"
"B076CCMCV8","青野くんに触りたいから死にたい（２） (アフタヌーンコミックス)","椎名うみ","2019/2/9"
"B07C2N98W9","青野くんに触りたいから死にたい（３） (アフタヌーンコミックス)","椎名うみ","2019/2/9"
"B07K9PMQ6L","青野くんに触りたいから死にたい（４） (アフタヌーンコミックス)","椎名うみ","2019/2/9"
"B07RSW5FX8","青野くんに触りたいから死にたい（５） (アフタヌーンコミックス)","椎名うみ","2019/5/23"
"B083TT1HRY","青野くんに触りたいから死にたい（６） (アフタヌーンコミックス)","椎名うみ","2020/2/1"
"B01MYXUL6V","響～小説家になる方法～（１）【期間限定　無料お試し版】 (ビッグコミックス)","柳本光晴","2017/1/7"
"B009KZ4FMA","頭の体操　ＢＥＳＴ","多湖 輝","2016/4/24"
"B06XHYJDRT","風俗行ったら人生変わったwww（上）【期間限定　無料お試し版】 (ビッグコミックス)","山口かつみ","2017/3/25"
"B01LZSOR73","食糧人類－Ｓｔａｒｖｉｎｇ　Ａｎｏｎｙｍｏｕｓ－（１） (ヤングマガジンコミックス)","蔵石ユウ","2016/12/11"
"B07VMMF14C","高嶺のハナさん 1","ムラタコウジ","2019/12/17"
"B087GLGY52","高嶺のハナさん 2","ムラタコウジ","2020/5/18"
"B06XFR51LQ","高校アフロ田中（１）【期間限定　無料お試し版】 (ビッグコミックス)","のりつけ雅春","2017/3/17"
"B06XG1D3B4","高校アフロ田中（２）【期間限定　無料お試し版】 (ビッグコミックス)","のりつけ雅春","2017/3/17"
"B07TKKZ13J","高校アフロ田中（３）【期間限定　無料お試し版】 (ビッグコミックス)","のりつけ雅春","2019/7/14"
"B01J9AXQ2A","鬱ごはん   ２ (ヤングチャンピオン烈コミックス)","施川ユウキ","2019/4/13"
"B00I59EW02","鬱ごはん　1 (ヤングチャンピオン烈コミックス)","施川ユウキ","2019/4/13"
"B00RBNTRP8","鬼斬り十蔵（１） (ヤングマガジンコミックス)","せがわまさき","2016/8/14"
"B00MXRPHF6","魔犬 ラヴクラフト傑作集 (ビームコミックス)","田辺 剛","2019/11/22"
"B01LEH5LOM","魔王様ちょっとそれとって!!【期間限定無料】 1 (ヤングジャンプコミックスDIGITAL)","春野友矢","2016/10/4"
"B07FQP81MT","魔風が吹く 1 (ヤングジャンプコミックスDIGITAL)","円城寺真己","2018/10/24"
"B07JLRYS7G","魔風が吹く 2 (ヤングジャンプコミックスDIGITAL)","円城寺真己","2018/11/19"
"B07MX9K6Q2","魔風が吹く 3 (ヤングジャンプコミックスDIGITAL)","円城寺真己","2019/2/19"
"B01C8J2GTS","黄昏流星群（１）【期間限定　無料お試し版】 (ビッグコミックス)","弘兼憲史","2016/3/10"
"B01C8J2GOS","黄昏流星群（２）【期間限定　無料お試し版】 (ビッグコミックス)","弘兼憲史","2016/3/10"
"B01C8J2GQQ","黄昏流星群（３）【期間限定　無料お試し版】 (ビッグコミックス)","弘兼憲史","2016/3/10"
"B01H6NN0D2","黄門さま～助さんの憂鬱～【期間限定無料】 1 (ヤングジャンプコミックスDIGITAL)","徳弘正也","2016/7/3"
"B00E4GWYH8","１９８４年　─まんがで読破─","ジョージ・オーウェル","2018/9/7"
"B01GPQWG1S","２９歳独身中堅冒険者の日常（１） (週刊少年マガジンコミックス)","奈良一平","2017/12/16"
"B00A2MD5HQ","３．３．７ビョーシ！！（１） (週刊少年マガジンコミックス)","久保ミツロウ","2016/11/14"
"B00C1E2U8I","５秒前（１） (BE・LOVEコミックス)","深見じゅん","2016/12/10"
"B01CZJYHVQ","９時にはおうちに帰りたい　プチキス（１）　特別編集１「アラサー女子、アラサー女子について考える」 (Ｋｉｓｓコミックス)","青色イリコ","2016/3/31"
"B009KYCE8I","ＡＤＡＭＡＳ（１） (イブニングコミックス)","岡エリ","2016/12/24"
"B009KWT6RW","ＢＥ－ＢＯＰ－ＨＩＧＨＳＣＨＯＯＬ（１） (ヤングマガジンコミックス)","きうちかずひろ","2016/9/21"
"B009KWT6V8","ＢＥ－ＢＯＰ－ＨＩＧＨＳＣＨＯＯＬ（２） (ヤングマガジンコミックス)","きうちかずひろ","2016/9/21"
"B009KWT6YA","ＢＥ－ＢＯＰ－ＨＩＧＨＳＣＨＯＯＬ（３） (ヤングマガジンコミックス)","きうちかずひろ","2016/9/21"
"B00C9QK238","ＢＬＡＭＥ！（２） (アフタヌーンコミックス)","弐瓶勉","2016/8/11"
"B06ZZGCCYC","ＣＩＴＹ（１） (モーニングコミックス)","あらゐけいいち","2018/11/24"
"B01NAVLKUQ","ＣＯＣＯＲＡ　自閉症を生きた少女　１　小学校　篇","天咲心良","2017/2/3"
"B00CELS924","ＥＤＥＮ（１） (アフタヌーンコミックス)","遠藤浩輝","2016/7/23"
"B00CELS974","ＥＤＥＮ（２） (アフタヌーンコミックス)","遠藤浩輝","2016/7/23"
"B00CELS94M","ＥＤＥＮ（３） (アフタヌーンコミックス)","遠藤浩輝","2016/7/23"
"B011KF4CIE","ＦＲＩＥＮＤ　ＯＲ　ＦＯＥ　プチキス（１） (Ｋｉｓｓコミックス)","葉月京","2016/6/25"
"B009KWTIMA","ＧＩＡＮＴ　ＫＩＬＬＩＮＧ（３） (モーニングコミックス)","ツジトモ","2016/3/20"
"B073XGPKYF","ＫＩＮＧ　ＯＦ　ＢＡＮＤＩＴ　ＪＩＮＧ（１） (マガジンZコミックス)","熊倉裕一","2017/7/28"
"B073XGKXTW","ＫＩＮＧ　ＯＦ　ＢＡＮＤＩＴ　ＪＩＮＧ（５） (マガジンZコミックス)","熊倉裕一","2017/8/6"
"B073XGK38L","ＫＩＮＧ　ＯＦ　ＢＡＮＤＩＴ　ＪＩＮＧ（６） (マガジンZコミックス)","熊倉裕一","2017/8/6"
"B073XGJBVW","ＫＩＮＧ　ＯＦ　ＢＡＮＤＩＴ　ＪＩＮＧ（７） (マガジンZコミックス)","熊倉裕一","2018/7/5"
"B00D4TR6TC","ＬＯＶＥ＋ＤＥＳＳＩＮ（１） (Ｋｉｓｓコミックス)","ひうらさとる","2016/12/10"
"B00APEICJC","ＭＭＲ－マガジンミステリー調査班－（２） ＭＭＲ-マガジンミステリー調査班- (週刊少年マガジンコミックス)","石垣ゆうき","2019/9/28"
"B00APEICHY","ＭＭＲ－マガジンミステリー調査班－（３） ＭＭＲ-マガジンミステリー調査班- (週刊少年マガジンコミックス)","石垣ゆうき","2019/9/28"
"B00A2MD4UO","Ｐｕｍｐｋｉｎ　Ｓｃｉｓｓｏｒｓ（１） (月刊少年マガジンコミックス)","岩永亮太郎","2016/9/19"
"B07KFYKM86","ＳＨＡＭＡＮ　ＫＩＮＧ　レッドクリムゾン（１） (少年マガジンエッジコミックス)","武井宏之","2020/3/11"
"B07CM387GX","ＳＨＡＭＡＮ　ＫＩＮＧ　～シャーマンキング～　ＫＣ完結版（１） (少年マガジンエッジコミックス)","武井宏之","2018/11/24"
"B00A765WL4","Ｙ十Ｍ（ワイじゅうエム）～柳生忍法帖～（１） (ヤングマガジンコミックス)","山田風太郎","2016/8/13"
"B00A765WY6","Ｙ十Ｍ（ワイじゅうエム）～柳生忍法帖～（１０） (ヤングマガジンコミックス)","山田風太郎","2016/8/13"
"B00BYSLLAA","Ｙ十Ｍ（ワイじゅうエム）～柳生忍法帖～（１１） (ヤングマガジンコミックス)","山田風太郎","2016/8/13"
"B00A765WMS","Ｙ十Ｍ（ワイじゅうエム）～柳生忍法帖～（２） (ヤングマガジンコミックス)","山田風太郎","2016/8/13"
"B00A765WM8","Ｙ十Ｍ（ワイじゅうエム）～柳生忍法帖～（３） (ヤングマガジンコミックス)","山田風太郎","2016/8/13"
"B00A765WNC","Ｙ十Ｍ（ワイじゅうエム）～柳生忍法帖～（４） (ヤングマガジンコミックス)","山田風太郎","2016/8/13"
"B00A765WPU","Ｙ十Ｍ（ワイじゅうエム）～柳生忍法帖～（５） (ヤングマガジンコミックス)","山田風太郎","2016/8/13"
"B00A765WQY","Ｙ十Ｍ（ワイじゅうエム）～柳生忍法帖～（６） (ヤングマガジンコミックス)","山田風太郎","2016/8/13"
"B00A765WRS","Ｙ十Ｍ（ワイじゅうエム）～柳生忍法帖～（７） (ヤングマガジンコミックス)","山田風太郎","2016/8/13"
"B00A765WV4","Ｙ十Ｍ（ワイじゅうエム）～柳生忍法帖～（８） (ヤングマガジンコミックス)","山田風太郎","2016/8/13"
"B00A765WWI","Ｙ十Ｍ（ワイじゅうエム）～柳生忍法帖～（９） (ヤングマガジンコミックス)","山田風太郎","2016/8/13"
